<?xml version="1.0" encoding="UTF-8"?>
<gpx version="1.1" creator="W Dobrym Kierunku" xmlns="http://www.topografix.com/GPX/1/1">
  <metadata>
    <name>Giewont - Zakopane Piesze wędrówki</name>
    <desc>Własny ślad GPS autora; plik uproszczony do co 10. punktu, z zachowanym czasem i wysokością.</desc>
    <time>2025-07-17T07:29:27.000Z</time>
  </metadata>
  <trk>
    <name>Giewont - Zakopane Piesze wędrówki</name>
    <trkseg>
      <trkpt lat="49.28707198239862918853759765625" lon="19.96351280249655246734619140625"><ele>875.4000244140625</ele><time>2025-07-17T07:29:27.000Z</time></trkpt>
      <trkpt lat="49.28717692382633686065673828125" lon="19.96358807198703289031982421875"><ele>875.20001220703125</ele><time>2025-07-17T07:30:06.000Z</time></trkpt>
      <trkpt lat="49.28668574430048465728759765625" lon="19.96370675973594188690185546875"><ele>877.79998779296875</ele><time>2025-07-17T07:31:09.000Z</time></trkpt>
      <trkpt lat="49.2862278409302234649658203125" lon="19.9628617800772190093994140625"><ele>875.79998779296875</ele><time>2025-07-17T07:32:08.000Z</time></trkpt>
      <trkpt lat="49.28574412129819393157958984375" lon="19.963335357606410980224609375"><ele>877.4000244140625</ele><time>2025-07-17T07:32:55.000Z</time></trkpt>
      <trkpt lat="49.285303987562656402587890625" lon="19.9638287164270877838134765625"><ele>879.5999755859375</ele><time>2025-07-17T07:33:49.000Z</time></trkpt>
      <trkpt lat="49.28483284078538417816162109375" lon="19.96418067254126071929931640625"><ele>881.20001220703125</ele><time>2025-07-17T07:34:28.000Z</time></trkpt>
      <trkpt lat="49.284212999045848846435546875" lon="19.9644774757325649261474609375"><ele>883</ele><time>2025-07-17T07:35:13.000Z</time></trkpt>
      <trkpt lat="49.283469356596469879150390625" lon="19.96490084566175937652587890625"><ele>885.4000244140625</ele><time>2025-07-17T07:36:16.000Z</time></trkpt>
      <trkpt lat="49.282588921487331390380859375" lon="19.96485038660466670989990234375"><ele>887.5999755859375</ele><time>2025-07-17T07:37:26.000Z</time></trkpt>
      <trkpt lat="49.2819195427000522613525390625" lon="19.96471828781068325042724609375"><ele>889.4000244140625</ele><time>2025-07-17T07:38:17.000Z</time></trkpt>
      <trkpt lat="49.2814598791301250457763671875" lon="19.964074306190013885498046875"><ele>890.79998779296875</ele><time>2025-07-17T07:39:16.000Z</time></trkpt>
      <trkpt lat="49.28109082393348217010498046875" lon="19.96298289857804775238037109375"><ele>894.79998779296875</ele><time>2025-07-17T07:40:17.000Z</time></trkpt>
      <trkpt lat="49.28085210733115673065185546875" lon="19.96299480088055133819580078125"><ele>897.4000244140625</ele><time>2025-07-17T07:41:04.000Z</time></trkpt>
      <trkpt lat="49.28028062917292118072509765625" lon="19.9628855846822261810302734375"><ele>901.5999755859375</ele><time>2025-07-17T07:41:53.000Z</time></trkpt>
      <trkpt lat="49.27991266362369060516357421875" lon="19.96281190775334835052490234375"><ele>905.79998779296875</ele><time>2025-07-17T07:42:35.000Z</time></trkpt>
      <trkpt lat="49.2795704305171966552734375" lon="19.96271467767655849456787109375"><ele>910.79998779296875</ele><time>2025-07-17T07:43:17.000Z</time></trkpt>
      <trkpt lat="49.27936716936528682708740234375" lon="19.96262549422681331634521484375"><ele>916.20001220703125</ele><time>2025-07-17T07:43:59.000Z</time></trkpt>
      <trkpt lat="49.279340766370296478271484375" lon="19.9617183208465576171875"><ele>916.5999755859375</ele><time>2025-07-17T07:44:46.000Z</time></trkpt>
      <trkpt lat="49.27931419573724269866943359375" lon="19.9613738246262073516845703125"><ele>915.79998779296875</ele><time>2025-07-17T07:45:06.000Z</time></trkpt>
      <trkpt lat="49.27933598868548870086669921875" lon="19.96079740114510059356689453125"><ele>914.4000244140625</ele><time>2025-07-17T07:45:39.000Z</time></trkpt>
      <trkpt lat="49.279320649802684783935546875" lon="19.96013606898486614227294921875"><ele>913.4000244140625</ele><time>2025-07-17T07:46:13.000Z</time></trkpt>
      <trkpt lat="49.27936482243239879608154296875" lon="19.959624521434307098388671875"><ele>912.5999755859375</ele><time>2025-07-17T07:46:50.000Z</time></trkpt>
      <trkpt lat="49.27930061705410480499267578125" lon="19.958992861211299896240234375"><ele>910.4000244140625</ele><time>2025-07-17T07:47:23.000Z</time></trkpt>
      <trkpt lat="49.2793151177465915679931640625" lon="19.958530180156230926513671875"><ele>908</ele><time>2025-07-17T07:47:50.000Z</time></trkpt>
      <trkpt lat="49.27938259206712245941162109375" lon="19.9581979215145111083984375"><ele>907.4000244140625</ele><time>2025-07-17T07:48:16.000Z</time></trkpt>
      <trkpt lat="49.27912141196429729461669921875" lon="19.9577464722096920013427734375"><ele>910.20001220703125</ele><time>2025-07-17T07:48:45.000Z</time></trkpt>
      <trkpt lat="49.27881203591823577880859375" lon="19.9572123773396015167236328125"><ele>913.5999755859375</ele><time>2025-07-17T07:49:25.000Z</time></trkpt>
      <trkpt lat="49.27833954803645610809326171875" lon="19.95707214809954166412353515625"><ele>915</ele><time>2025-07-17T07:50:07.000Z</time></trkpt>
      <trkpt lat="49.27803218364715576171875" lon="19.95724129490554332733154296875"><ele>917.5999755859375</ele><time>2025-07-17T07:50:37.000Z</time></trkpt>
      <trkpt lat="49.2778794653713703155517578125" lon="19.957058988511562347412109375"><ele>920</ele><time>2025-07-17T07:50:57.000Z</time></trkpt>
      <trkpt lat="49.27804986946284770965576171875" lon="19.95670795440673828125"><ele>921.4000244140625</ele><time>2025-07-17T07:51:30.000Z</time></trkpt>
      <trkpt lat="49.27818431518971920013427734375" lon="19.95656370185315608978271484375"><ele>924</ele><time>2025-07-17T07:52:00.000Z</time></trkpt>
      <trkpt lat="49.2784209363162517547607421875" lon="19.9563966505229473114013671875"><ele>929.5999755859375</ele><time>2025-07-17T07:52:31.000Z</time></trkpt>
      <trkpt lat="49.2786311544477939605712890625" lon="19.9560104124248027801513671875"><ele>933.4000244140625</ele><time>2025-07-17T07:53:00.000Z</time></trkpt>
      <trkpt lat="49.2788051627576351165771484375" lon="19.9552972801029682159423828125"><ele>935.4000244140625</ele><time>2025-07-17T07:53:35.000Z</time></trkpt>
      <trkpt lat="49.27884824573993682861328125" lon="19.95478372089564800262451171875"><ele>936</ele><time>2025-07-17T07:54:10.000Z</time></trkpt>
      <trkpt lat="49.27897741086781024932861328125" lon="19.95417636819183826446533203125"><ele>932.5999755859375</ele><time>2025-07-17T07:54:43.000Z</time></trkpt>
      <trkpt lat="49.27901529707014560699462890625" lon="19.95384226553142070770263671875"><ele>930.20001220703125</ele><time>2025-07-17T07:55:05.000Z</time></trkpt>
      <trkpt lat="49.27900917828083038330078125" lon="19.9533670954406261444091796875"><ele>927.5999755859375</ele><time>2025-07-17T07:55:32.000Z</time></trkpt>
      <trkpt lat="49.27885830402374267578125" lon="19.95301798917353153228759765625"><ele>925</ele><time>2025-07-17T07:55:54.000Z</time></trkpt>
      <trkpt lat="49.27886408753693103790283203125" lon="19.95267382822930812835693359375"><ele>922.79998779296875</ele><time>2025-07-17T07:56:14.000Z</time></trkpt>
      <trkpt lat="49.27879870869219303131103515625" lon="19.95225925929844379425048828125"><ele>919.5999755859375</ele><time>2025-07-17T07:56:40.000Z</time></trkpt>
      <trkpt lat="49.27882687188684940338134765625" lon="19.95183505117893218994140625"><ele>916.79998779296875</ele><time>2025-07-17T07:57:00.000Z</time></trkpt>
      <trkpt lat="49.27883349359035491943359375" lon="19.951313026249408721923828125"><ele>918.20001220703125</ele><time>2025-07-17T07:57:28.000Z</time></trkpt>
      <trkpt lat="49.27879116497933864593505859375" lon="19.95095537044107913970947265625"><ele>920.79998779296875</ele><time>2025-07-17T07:57:48.000Z</time></trkpt>
      <trkpt lat="49.278750680387020111083984375" lon="19.9503271467983722686767578125"><ele>921.20001220703125</ele><time>2025-07-17T07:58:21.000Z</time></trkpt>
      <trkpt lat="49.2787702940404415130615234375" lon="19.949790202081203460693359375"><ele>920.4000244140625</ele><time>2025-07-17T07:58:49.000Z</time></trkpt>
      <trkpt lat="49.27879770286381244659423828125" lon="19.94936750270426273345947265625"><ele>920.20001220703125</ele><time>2025-07-17T07:59:13.000Z</time></trkpt>
      <trkpt lat="49.27887414582073688507080078125" lon="19.948821254074573516845703125"><ele>918.5999755859375</ele><time>2025-07-17T07:59:43.000Z</time></trkpt>
      <trkpt lat="49.27886945195496082305908203125" lon="19.94813871569931507110595703125"><ele>917.20001220703125</ele><time>2025-07-17T08:00:19.000Z</time></trkpt>
      <trkpt lat="49.278841204941272735595703125" lon="19.94757704436779022216796875"><ele>916.4000244140625</ele><time>2025-07-17T08:00:46.000Z</time></trkpt>
      <trkpt lat="49.27886542864143848419189453125" lon="19.9472107551991939544677734375"><ele>913.5999755859375</ele><time>2025-07-17T08:01:08.000Z</time></trkpt>
      <trkpt lat="49.2789280414581298828125" lon="19.94681202806532382965087890625"><ele>911.20001220703125</ele><time>2025-07-17T08:01:29.000Z</time></trkpt>
      <trkpt lat="49.2789141274988651275634765625" lon="19.94637751020491123199462890625"><ele>908.79998779296875</ele><time>2025-07-17T08:01:52.000Z</time></trkpt>
      <trkpt lat="49.2790324799716472625732421875" lon="19.94578625075519084930419921875"><ele>904.5999755859375</ele><time>2025-07-17T08:02:26.000Z</time></trkpt>
      <trkpt lat="49.27898109890520572662353515625" lon="19.94518811814486980438232421875"><ele>902</ele><time>2025-07-17T08:02:54.000Z</time></trkpt>
      <trkpt lat="49.27893214859068393707275390625" lon="19.9445255286991596221923828125"><ele>901</ele><time>2025-07-17T08:03:27.000Z</time></trkpt>
      <trkpt lat="49.278855286538600921630859375" lon="19.94379320181906223297119140625"><ele>901.5999755859375</ele><time>2025-07-17T08:04:11.000Z</time></trkpt>
      <trkpt lat="49.27888018079102039337158203125" lon="19.943673424422740936279296875"><ele>901.79998779296875</ele><time>2025-07-17T08:05:05.000Z</time></trkpt>
      <trkpt lat="49.2789201624691486358642578125" lon="19.94305592961609363555908203125"><ele>901</ele><time>2025-07-17T08:05:34.000Z</time></trkpt>
      <trkpt lat="49.2788891494274139404296875" lon="19.94258050806820392608642578125"><ele>903</ele><time>2025-07-17T08:06:01.000Z</time></trkpt>
      <trkpt lat="49.278903566300868988037109375" lon="19.9414305947721004486083984375"><ele>901.4000244140625</ele><time>2025-07-17T08:06:57.000Z</time></trkpt>
      <trkpt lat="49.27889577113091945648193359375" lon="19.940911419689655303955078125"><ele>899</ele><time>2025-07-17T08:07:24.000Z</time></trkpt>
      <trkpt lat="49.2787203378975391387939453125" lon="19.93989142589271068572998046875"><ele>899.20001220703125</ele><time>2025-07-17T08:08:13.000Z</time></trkpt>
      <trkpt lat="49.278752692043781280517578125" lon="19.9393393099308013916015625"><ele>902</ele><time>2025-07-17T08:08:46.000Z</time></trkpt>
      <trkpt lat="49.27859402261674404144287109375" lon="19.938621483743190765380859375"><ele>903.79998779296875</ele><time>2025-07-17T08:09:30.000Z</time></trkpt>
      <trkpt lat="49.27859620191156864166259765625" lon="19.938510842621326446533203125"><ele>904.5999755859375</ele><time>2025-07-17T08:10:20.000Z</time></trkpt>
      <trkpt lat="49.27826478146016597747802734375" lon="19.93831780739128589630126953125"><ele>905.5999755859375</ele><time>2025-07-17T08:10:51.000Z</time></trkpt>
      <trkpt lat="49.2779941298067569732666015625" lon="19.93791572749614715576171875"><ele>907.79998779296875</ele><time>2025-07-17T08:11:20.000Z</time></trkpt>
      <trkpt lat="49.277660362422466278076171875" lon="19.9373429082334041595458984375"><ele>910.79998779296875</ele><time>2025-07-17T08:12:01.000Z</time></trkpt>
      <trkpt lat="49.2773832567036151885986328125" lon="19.9367669038474559783935546875"><ele>914.5999755859375</ele><time>2025-07-17T08:12:40.000Z</time></trkpt>
      <trkpt lat="49.27700716070830821990966796875" lon="19.93644009344279766082763671875"><ele>916.79998779296875</ele><time>2025-07-17T08:13:08.000Z</time></trkpt>
      <trkpt lat="49.2766557075083255767822265625" lon="19.9360393546521663665771484375"><ele>920</ele><time>2025-07-17T08:13:44.000Z</time></trkpt>
      <trkpt lat="49.27620199508965015411376953125" lon="19.9357352592051029205322265625"><ele>922.5999755859375</ele><time>2025-07-17T08:14:18.000Z</time></trkpt>
      <trkpt lat="49.27588708698749542236328125" lon="19.93490628898143768310546875"><ele>926.5999755859375</ele><time>2025-07-17T08:15:06.000Z</time></trkpt>
      <trkpt lat="49.27547075785696506500244140625" lon="19.93456606753170490264892578125"><ele>928.79998779296875</ele><time>2025-07-17T08:15:44.000Z</time></trkpt>
      <trkpt lat="49.27503414452075958251953125" lon="19.934228025376796722412109375"><ele>931.79998779296875</ele><time>2025-07-17T08:16:18.000Z</time></trkpt>
      <trkpt lat="49.27470833994448184967041015625" lon="19.93402124382555484771728515625"><ele>935.20001220703125</ele><time>2025-07-17T08:16:50.000Z</time></trkpt>
      <trkpt lat="49.27444330416619777679443359375" lon="19.93388059549033641815185546875"><ele>936.4000244140625</ele><time>2025-07-17T08:17:17.000Z</time></trkpt>
      <trkpt lat="49.2741900868713855743408203125" lon="19.933586977422237396240234375"><ele>939.20001220703125</ele><time>2025-07-17T08:17:44.000Z</time></trkpt>
      <trkpt lat="49.27388054318726062774658203125" lon="19.9334218539297580718994140625"><ele>942.4000244140625</ele><time>2025-07-17T08:18:11.000Z</time></trkpt>
      <trkpt lat="49.2734799720346927642822265625" lon="19.93334817700088024139404296875"><ele>946.79998779296875</ele><time>2025-07-17T08:18:39.000Z</time></trkpt>
      <trkpt lat="49.2730974219739437103271484375" lon="19.93300468660891056060791015625"><ele>948</ele><time>2025-07-17T08:19:10.000Z</time></trkpt>
      <trkpt lat="49.27258805371820926666259765625" lon="19.9328036047518253326416015625"><ele>951.5999755859375</ele><time>2025-07-17T08:19:52.000Z</time></trkpt>
      <trkpt lat="49.27234531380236148834228515625" lon="19.9326852522790431976318359375"><ele>954</ele><time>2025-07-17T08:20:14.000Z</time></trkpt>
      <trkpt lat="49.2717786133289337158203125" lon="19.93249255232512950897216796875"><ele>957.79998779296875</ele><time>2025-07-17T08:21:02.000Z</time></trkpt>
      <trkpt lat="49.27153930999338626861572265625" lon="19.93241661228239536285400390625"><ele>960.4000244140625</ele><time>2025-07-17T08:21:25.000Z</time></trkpt>
      <trkpt lat="49.27108635194599628448486328125" lon="19.93233229033648967742919921875"><ele>963.79998779296875</ele><time>2025-07-17T08:22:02.000Z</time></trkpt>
      <trkpt lat="49.27068552933633327484130859375" lon="19.93237000890076160430908203125"><ele>967.5999755859375</ele><time>2025-07-17T08:22:38.000Z</time></trkpt>
      <trkpt lat="49.2702579684555530548095703125" lon="19.932317622005939483642578125"><ele>970.5999755859375</ele><time>2025-07-17T08:23:15.000Z</time></trkpt>
      <trkpt lat="49.26986309699714183807373046875" lon="19.93218518793582916259765625"><ele>973</ele><time>2025-07-17T08:23:48.000Z</time></trkpt>
      <trkpt lat="49.26958163268864154815673828125" lon="19.93206985294818878173828125"><ele>976.4000244140625</ele><time>2025-07-17T08:24:19.000Z</time></trkpt>
      <trkpt lat="49.26921844482421875" lon="19.93192660622298717498779296875"><ele>980.4000244140625</ele><time>2025-07-17T08:24:53.000Z</time></trkpt>
      <trkpt lat="49.268598519265651702880859375" lon="19.9321058951318264007568359375"><ele>984.5999755859375</ele><time>2025-07-17T08:25:44.000Z</time></trkpt>
      <trkpt lat="49.268353097140789031982421875" lon="19.9318520911037921905517578125"><ele>988.20001220703125</ele><time>2025-07-17T08:26:13.000Z</time></trkpt>
      <trkpt lat="49.26816827617585659027099609375" lon="19.93174740113317966461181640625"><ele>990.4000244140625</ele><time>2025-07-17T08:26:33.000Z</time></trkpt>
      <trkpt lat="49.26793911494314670562744140625" lon="19.9315389432013034820556640625"><ele>994.79998779296875</ele><time>2025-07-17T08:27:01.000Z</time></trkpt>
      <trkpt lat="49.2677323333919048309326171875" lon="19.9314142204821109771728515625"><ele>999.20001220703125</ele><time>2025-07-17T08:27:28.000Z</time></trkpt>
      <trkpt lat="49.2674295790493488311767578125" lon="19.93120106868445873260498046875"><ele>1002.4000244140625</ele><time>2025-07-17T08:28:02.000Z</time></trkpt>
      <trkpt lat="49.2670000903308391571044921875" lon="19.9310145713388919830322265625"><ele>1004.5999755859375</ele><time>2025-07-17T08:28:34.000Z</time></trkpt>
      <trkpt lat="49.266592562198638916015625" lon="19.93088725022971630096435546875"><ele>1008.4000244140625</ele><time>2025-07-17T08:29:10.000Z</time></trkpt>
      <trkpt lat="49.26620104350149631500244140625" lon="19.93075682781636714935302734375"><ele>1011.5999755859375</ele><time>2025-07-17T08:29:45.000Z</time></trkpt>
      <trkpt lat="49.265859983861446380615234375" lon="19.93054493330419063568115234375"><ele>1015</ele><time>2025-07-17T08:30:16.000Z</time></trkpt>
      <trkpt lat="49.26559947431087493896484375" lon="19.93037209846079349517822265625"><ele>1019.4000244140625</ele><time>2025-07-17T08:30:41.000Z</time></trkpt>
      <trkpt lat="49.26534977741539478302001953125" lon="19.9302682466804981231689453125"><ele>1025.199951171875</ele><time>2025-07-17T08:31:10.000Z</time></trkpt>
      <trkpt lat="49.2650497891008853912353515625" lon="19.9302726052701473236083984375"><ele>1031.4000244140625</ele><time>2025-07-17T08:31:48.000Z</time></trkpt>
      <trkpt lat="49.2647306062281131744384765625" lon="19.93022608570754528045654296875"><ele>1036</ele><time>2025-07-17T08:32:19.000Z</time></trkpt>
      <trkpt lat="49.2643265984952449798583984375" lon="19.930194653570652008056640625"><ele>1039.4000244140625</ele><time>2025-07-17T08:32:56.000Z</time></trkpt>
      <trkpt lat="49.26387556828558444976806640625" lon="19.93012567050755023956298828125"><ele>1040.199951171875</ele><time>2025-07-17T08:33:33.000Z</time></trkpt>
      <trkpt lat="49.2633911781013011932373046875" lon="19.93008024059236049652099609375"><ele>1043.199951171875</ele><time>2025-07-17T08:34:20.000Z</time></trkpt>
      <trkpt lat="49.263235442340373992919921875" lon="19.930092059075832366943359375"><ele>1045.4000244140625</ele><time>2025-07-17T08:35:09.000Z</time></trkpt>
      <trkpt lat="49.263212978839874267578125" lon="19.93015651591122150421142578125"><ele>1043.4000244140625</ele><time>2025-07-17T08:36:41.000Z</time></trkpt>
      <trkpt lat="49.2632158286869525909423828125" lon="19.9301606230437755584716796875"><ele>1042.5999755859375</ele><time>2025-07-17T08:38:17.000Z</time></trkpt>
      <trkpt lat="49.2632359452545642852783203125" lon="19.93015551008284091949462890625"><ele>1042.5999755859375</ele><time>2025-07-17T08:39:55.000Z</time></trkpt>
      <trkpt lat="49.2632939480245113372802734375" lon="19.93009574711322784423828125"><ele>1042.4000244140625</ele><time>2025-07-17T08:41:44.000Z</time></trkpt>
      <trkpt lat="49.26322194747626781463623046875" lon="19.9299014545977115631103515625"><ele>1042.800048828125</ele><time>2025-07-17T08:42:14.000Z</time></trkpt>
      <trkpt lat="49.26305900327861309051513671875" lon="19.9295702017843723297119140625"><ele>1045.4000244140625</ele><time>2025-07-17T08:43:02.000Z</time></trkpt>
      <trkpt lat="49.2629808001220226287841796875" lon="19.92912478744983673095703125"><ele>1047.800048828125</ele><time>2025-07-17T08:43:35.000Z</time></trkpt>
      <trkpt lat="49.26279765553772449493408203125" lon="19.928691945970058441162109375"><ele>1053.199951171875</ele><time>2025-07-17T08:44:21.000Z</time></trkpt>
      <trkpt lat="49.26267896778881549835205078125" lon="19.92818525992333889007568359375"><ele>1058.4000244140625</ele><time>2025-07-17T08:45:04.000Z</time></trkpt>
      <trkpt lat="49.26259447820484638214111328125" lon="19.92779986001551151275634765625"><ele>1063.4000244140625</ele><time>2025-07-17T08:45:36.000Z</time></trkpt>
      <trkpt lat="49.2624235711991786956787109375" lon="19.92753784172236919403076171875"><ele>1067.800048828125</ele><time>2025-07-17T08:46:06.000Z</time></trkpt>
      <trkpt lat="49.26224545575678348541259765625" lon="19.92723911069333553314208984375"><ele>1073</ele><time>2025-07-17T08:46:41.000Z</time></trkpt>
      <trkpt lat="49.2620557732880115509033203125" lon="19.92687935940921306610107421875"><ele>1078.4000244140625</ele><time>2025-07-17T08:47:21.000Z</time></trkpt>
      <trkpt lat="49.261870868504047393798828125" lon="19.9266499467194080352783203125"><ele>1084.4000244140625</ele><time>2025-07-17T08:47:49.000Z</time></trkpt>
      <trkpt lat="49.26178512163460254669189453125" lon="19.92641835473477840423583984375"><ele>1089.4000244140625</ele><time>2025-07-17T08:48:12.000Z</time></trkpt>
      <trkpt lat="49.26164397038519382476806640625" lon="19.92611157707870006561279296875"><ele>1094.199951171875</ele><time>2025-07-17T08:48:40.000Z</time></trkpt>
      <trkpt lat="49.2614965327084064483642578125" lon="19.9259143508970737457275390625"><ele>1098.4000244140625</ele><time>2025-07-17T08:49:02.000Z</time></trkpt>
      <trkpt lat="49.26133652217686176300048828125" lon="19.9256937392055988311767578125"><ele>1104</ele><time>2025-07-17T08:49:30.000Z</time></trkpt>
      <trkpt lat="49.26120333373546600341796875" lon="19.9253832735121250152587890625"><ele>1111.5999755859375</ele><time>2025-07-17T08:50:00.000Z</time></trkpt>
      <trkpt lat="49.26110803149640560150146484375" lon="19.9250979535281658172607421875"><ele>1116.5999755859375</ele><time>2025-07-17T08:50:21.000Z</time></trkpt>
      <trkpt lat="49.260932765901088714599609375" lon="19.9246359430253505706787109375"><ele>1123.199951171875</ele><time>2025-07-17T08:50:55.000Z</time></trkpt>
      <trkpt lat="49.26087115891277790069580078125" lon="19.9242788739502429962158203125"><ele>1129.199951171875</ele><time>2025-07-17T08:51:30.000Z</time></trkpt>
      <trkpt lat="49.26075900904834270477294921875" lon="19.92400713264942169189453125"><ele>1136.800048828125</ele><time>2025-07-17T08:52:08.000Z</time></trkpt>
      <trkpt lat="49.26066479645669460296630859375" lon="19.9237369000911712646484375"><ele>1143</ele><time>2025-07-17T08:52:40.000Z</time></trkpt>
      <trkpt lat="49.26061048172414302825927734375" lon="19.92350153625011444091796875"><ele>1149</ele><time>2025-07-17T08:53:10.000Z</time></trkpt>
      <trkpt lat="49.26055097021162509918212890625" lon="19.92307296954095363616943359375"><ele>1156.199951171875</ele><time>2025-07-17T08:53:49.000Z</time></trkpt>
      <trkpt lat="49.260525740683078765869140625" lon="19.92277055047452449798583984375"><ele>1161.199951171875</ele><time>2025-07-17T08:54:19.000Z</time></trkpt>
      <trkpt lat="49.26046933047473430633544921875" lon="19.92254943586885929107666015625"><ele>1166.5999755859375</ele><time>2025-07-17T08:54:52.000Z</time></trkpt>
      <trkpt lat="49.26048760302364826202392578125" lon="19.922241233289241790771484375"><ele>1172.4000244140625</ele><time>2025-07-17T08:55:28.000Z</time></trkpt>
      <trkpt lat="49.2603934742510318756103515625" lon="19.921893216669559478759765625"><ele>1178.199951171875</ele><time>2025-07-17T08:56:06.000Z</time></trkpt>
      <trkpt lat="49.26027604378759860992431640625" lon="19.92155986838042736053466796875"><ele>1184.5999755859375</ele><time>2025-07-17T08:56:46.000Z</time></trkpt>
      <trkpt lat="49.26026296801865100860595703125" lon="19.92150194942951202392578125"><ele>1185.199951171875</ele><time>2025-07-17T08:57:24.000Z</time></trkpt>
      <trkpt lat="49.2602425999939441680908203125" lon="19.9212853610515594482421875"><ele>1189</ele><time>2025-07-17T08:58:36.000Z</time></trkpt>
      <trkpt lat="49.26021586172282695770263671875" lon="19.9210478179156780242919921875"><ele>1193.5999755859375</ele><time>2025-07-17T08:59:02.000Z</time></trkpt>
      <trkpt lat="49.26025458611547946929931640625" lon="19.92081605829298496246337890625"><ele>1199.5999755859375</ele><time>2025-07-17T08:59:39.000Z</time></trkpt>
      <trkpt lat="49.26041074097156524658203125" lon="19.920688569545745849609375"><ele>1206</ele><time>2025-07-17T09:00:18.000Z</time></trkpt>
      <trkpt lat="49.2604109086096286773681640625" lon="19.92046636529266834259033203125"><ele>1212</ele><time>2025-07-17T09:00:45.000Z</time></trkpt>
      <trkpt lat="49.26043245010077953338623046875" lon="19.920260421931743621826171875"><ele>1218.4000244140625</ele><time>2025-07-17T09:01:18.000Z</time></trkpt>
      <trkpt lat="49.26049062050879001617431640625" lon="19.92006386630237102508544921875"><ele>1227.199951171875</ele><time>2025-07-17T09:01:59.000Z</time></trkpt>
      <trkpt lat="49.2604960687458515167236328125" lon="19.9199119023978710174560546875"><ele>1235</ele><time>2025-07-17T09:02:35.000Z</time></trkpt>
      <trkpt lat="49.2606063745915889739990234375" lon="19.91970813833177089691162109375"><ele>1240</ele><time>2025-07-17T09:03:02.000Z</time></trkpt>
      <trkpt lat="49.26062934100627899169921875" lon="19.9196259118616580963134765625"><ele>1243.800048828125</ele><time>2025-07-17T09:03:50.000Z</time></trkpt>
      <trkpt lat="49.26062523387372493743896484375" lon="19.9196443520486354827880859375"><ele>1243.199951171875</ele><time>2025-07-17T09:04:21.000Z</time></trkpt>
      <trkpt lat="49.2605564184486865997314453125" lon="19.91954888217151165008544921875"><ele>1242.800048828125</ele><time>2025-07-17T09:05:08.000Z</time></trkpt>
      <trkpt lat="49.26063177175819873809814453125" lon="19.9195695854723453521728515625"><ele>1242.800048828125</ele><time>2025-07-17T09:06:24.000Z</time></trkpt>
      <trkpt lat="49.2605976574122905731201171875" lon="19.91964988410472869873046875"><ele>1245</ele><time>2025-07-17T09:07:49.000Z</time></trkpt>
      <trkpt lat="49.260622970759868621826171875" lon="19.91948216222226619720458984375"><ele>1249.5999755859375</ele><time>2025-07-17T09:08:22.000Z</time></trkpt>
      <trkpt lat="49.26058785058557987213134765625" lon="19.91927697323262691497802734375"><ele>1254.4000244140625</ele><time>2025-07-17T09:08:45.000Z</time></trkpt>
      <trkpt lat="49.26049279980361461639404296875" lon="19.9189610593020915985107421875"><ele>1259.800048828125</ele><time>2025-07-17T09:09:19.000Z</time></trkpt>
      <trkpt lat="49.26043563522398471832275390625" lon="19.91878621280193328857421875"><ele>1264.5999755859375</ele><time>2025-07-17T09:10:00.000Z</time></trkpt>
      <trkpt lat="49.26018686033785343170166015625" lon="19.91848220117390155792236328125"><ele>1268</ele><time>2025-07-17T09:10:34.000Z</time></trkpt>
      <trkpt lat="49.260144531726837158203125" lon="19.91824013181030750274658203125"><ele>1272.5999755859375</ele><time>2025-07-17T09:11:07.000Z</time></trkpt>
      <trkpt lat="49.2600209824740886688232421875" lon="19.91810384206473827362060546875"><ele>1276.5999755859375</ele><time>2025-07-17T09:11:36.000Z</time></trkpt>
      <trkpt lat="49.25990019924938678741455078125" lon="19.91784400306642055511474609375"><ele>1282.199951171875</ele><time>2025-07-17T09:12:13.000Z</time></trkpt>
      <trkpt lat="49.259875975549221038818359375" lon="19.9176568351686000823974609375"><ele>1287</ele><time>2025-07-17T09:12:44.000Z</time></trkpt>
      <trkpt lat="49.25967355258762836456298828125" lon="19.9174187891185283660888671875"><ele>1292</ele><time>2025-07-17T09:13:23.000Z</time></trkpt>
      <trkpt lat="49.2594627477228641510009765625" lon="19.91734988987445831298828125"><ele>1297.4000244140625</ele><time>2025-07-17T09:14:02.000Z</time></trkpt>
      <trkpt lat="49.259415976703166961669921875" lon="19.91713254712522029876708984375"><ele>1303</ele><time>2025-07-17T09:14:35.000Z</time></trkpt>
      <trkpt lat="49.2593594826757907867431640625" lon="19.91693171672523021697998046875"><ele>1309.800048828125</ele><time>2025-07-17T09:15:13.000Z</time></trkpt>
      <trkpt lat="49.259366355836391448974609375" lon="19.91662477143108844757080078125"><ele>1316.4000244140625</ele><time>2025-07-17T09:15:48.000Z</time></trkpt>
      <trkpt lat="49.259387813508510589599609375" lon="19.91634381003677845001220703125"><ele>1321.800048828125</ele><time>2025-07-17T09:16:22.000Z</time></trkpt>
      <trkpt lat="49.25936861895024776458740234375" lon="19.91603828966617584228515625"><ele>1326</ele><time>2025-07-17T09:16:57.000Z</time></trkpt>
      <trkpt lat="49.25908464007079601287841796875" lon="19.91602680645883083343505859375"><ele>1331</ele><time>2025-07-17T09:17:43.000Z</time></trkpt>
      <trkpt lat="49.258721955120563507080078125" lon="19.91598665714263916015625"><ele>1336.4000244140625</ele><time>2025-07-17T09:18:26.000Z</time></trkpt>
      <trkpt lat="49.25833915360271930694580078125" lon="19.9161142297089099884033203125"><ele>1341.199951171875</ele><time>2025-07-17T09:19:10.000Z</time></trkpt>
      <trkpt lat="49.25820118747651576995849609375" lon="19.91611951030790805816650390625"><ele>1343.800048828125</ele><time>2025-07-17T09:20:00.000Z</time></trkpt>
      <trkpt lat="49.25820194184780120849609375" lon="19.91613292135298252105712890625"><ele>1343.199951171875</ele><time>2025-07-17T09:20:39.000Z</time></trkpt>
      <trkpt lat="49.2580485530197620391845703125" lon="19.91619360633194446563720703125"><ele>1349</ele><time>2025-07-17T09:21:14.000Z</time></trkpt>
      <trkpt lat="49.25798661075532436370849609375" lon="19.91629418917000293731689453125"><ele>1354.800048828125</ele><time>2025-07-17T09:21:51.000Z</time></trkpt>
      <trkpt lat="49.257845543324947357177734375" lon="19.91649736650288105010986328125"><ele>1359.5999755859375</ele><time>2025-07-17T09:22:22.000Z</time></trkpt>
      <trkpt lat="49.257669188082218170166015625" lon="19.91664773784577846527099609375"><ele>1365.4000244140625</ele><time>2025-07-17T09:22:58.000Z</time></trkpt>
      <trkpt lat="49.257586710155010223388671875" lon="19.91641690023243427276611328125"><ele>1370.800048828125</ele><time>2025-07-17T09:23:36.000Z</time></trkpt>
      <trkpt lat="49.2574648372828960418701171875" lon="19.9161222763359546661376953125"><ele>1377.4000244140625</ele><time>2025-07-17T09:24:20.000Z</time></trkpt>
      <trkpt lat="49.25734556280076503753662109375" lon="19.91594885475933551788330078125"><ele>1383</ele><time>2025-07-17T09:24:54.000Z</time></trkpt>
      <trkpt lat="49.25715059973299503326416015625" lon="19.9158057756721973419189453125"><ele>1390.800048828125</ele><time>2025-07-17T09:25:43.000Z</time></trkpt>
      <trkpt lat="49.257020764052867889404296875" lon="19.9157316796481609344482421875"><ele>1396</ele><time>2025-07-17T09:26:19.000Z</time></trkpt>
      <trkpt lat="49.25690752454102039337158203125" lon="19.915683902800083160400390625"><ele>1398.4000244140625</ele><time>2025-07-17T09:27:14.000Z</time></trkpt>
      <trkpt lat="49.256953708827495574951171875" lon="19.9157088808715343475341796875"><ele>1395.5999755859375</ele><time>2025-07-17T09:27:51.000Z</time></trkpt>
      <trkpt lat="49.25700031220912933349609375" lon="19.91593795828521251678466796875"><ele>1399.199951171875</ele><time>2025-07-17T09:28:23.000Z</time></trkpt>
      <trkpt lat="49.2569478414952754974365234375" lon="19.91611850447952747344970703125"><ele>1402.4000244140625</ele><time>2025-07-17T09:28:45.000Z</time></trkpt>
      <trkpt lat="49.25685186870396137237548828125" lon="19.9165299721062183380126953125"><ele>1407.800048828125</ele><time>2025-07-17T09:29:23.000Z</time></trkpt>
      <trkpt lat="49.25670216791331768035888671875" lon="19.91683063097298145294189453125"><ele>1414.199951171875</ele><time>2025-07-17T09:29:58.000Z</time></trkpt>
      <trkpt lat="49.25649781711399555206298828125" lon="19.91727747023105621337890625"><ele>1419.5999755859375</ele><time>2025-07-17T09:30:42.000Z</time></trkpt>
      <trkpt lat="49.256313331425189971923828125" lon="19.91785188205540180206298828125"><ele>1418.800048828125</ele><time>2025-07-17T09:31:28.000Z</time></trkpt>
      <trkpt lat="49.2561723478138446807861328125" lon="19.91805841214954853057861328125"><ele>1419</ele><time>2025-07-17T09:32:18.000Z</time></trkpt>
      <trkpt lat="49.2560234852135181427001953125" lon="19.9185044132173061370849609375"><ele>1424.5999755859375</ele><time>2025-07-17T09:33:00.000Z</time></trkpt>
      <trkpt lat="49.255869425833225250244140625" lon="19.91883155889809131622314453125"><ele>1429.4000244140625</ele><time>2025-07-17T09:33:34.000Z</time></trkpt>
      <trkpt lat="49.2558008618652820587158203125" lon="19.91938895545899868011474609375"><ele>1433.199951171875</ele><time>2025-07-17T09:34:14.000Z</time></trkpt>
      <trkpt lat="49.255691729485988616943359375" lon="19.920086078345775604248046875"><ele>1437</ele><time>2025-07-17T09:35:08.000Z</time></trkpt>
      <trkpt lat="49.2556164599955081939697265625" lon="19.9205033294856548309326171875"><ele>1440.5999755859375</ele><time>2025-07-17T09:35:56.000Z</time></trkpt>
      <trkpt lat="49.25548679195344448089599609375" lon="19.921017475426197052001953125"><ele>1441.800048828125</ele><time>2025-07-17T09:36:42.000Z</time></trkpt>
      <trkpt lat="49.255109019577503204345703125" lon="19.92164955474436283111572265625"><ele>1443.199951171875</ele><time>2025-07-17T09:37:55.000Z</time></trkpt>
      <trkpt lat="49.2548396252095699310302734375" lon="19.9217807315289974212646484375"><ele>1443.800048828125</ele><time>2025-07-17T09:38:25.000Z</time></trkpt>
      <trkpt lat="49.2545113898813724517822265625" lon="19.92202187888324260711669921875"><ele>1439.5999755859375</ele><time>2025-07-17T09:39:02.000Z</time></trkpt>
      <trkpt lat="49.25429672934114933013916015625" lon="19.9221753515303134918212890625"><ele>1435.800048828125</ele><time>2025-07-17T09:39:30.000Z</time></trkpt>
      <trkpt lat="49.254093132913112640380859375" lon="19.92242404259741306304931640625"><ele>1434.4000244140625</ele><time>2025-07-17T09:39:56.000Z</time></trkpt>
      <trkpt lat="49.25399581901729106903076171875" lon="19.92268321104347705841064453125"><ele>1438.5999755859375</ele><time>2025-07-17T09:40:27.000Z</time></trkpt>
      <trkpt lat="49.253909401595592498779296875" lon="19.9229927547276020050048828125"><ele>1444.5999755859375</ele><time>2025-07-17T09:40:59.000Z</time></trkpt>
      <trkpt lat="49.25385466776788234710693359375" lon="19.923204481601715087890625"><ele>1450.800048828125</ele><time>2025-07-17T09:41:33.000Z</time></trkpt>
      <trkpt lat="49.25375911407172679901123046875" lon="19.923456944525241851806640625"><ele>1456.800048828125</ele><time>2025-07-17T09:42:11.000Z</time></trkpt>
      <trkpt lat="49.25363757647573947906494140625" lon="19.9234996922314167022705078125"><ele>1460.5999755859375</ele><time>2025-07-17T09:42:41.000Z</time></trkpt>
      <trkpt lat="49.25341679714620113372802734375" lon="19.92340673692524433135986328125"><ele>1463.4000244140625</ele><time>2025-07-17T09:43:15.000Z</time></trkpt>
      <trkpt lat="49.2532021366059780120849609375" lon="19.9233126081526279449462890625"><ele>1469</ele><time>2025-07-17T09:43:54.000Z</time></trkpt>
      <trkpt lat="49.253041706979274749755859375" lon="19.92326013743877410888671875"><ele>1474.199951171875</ele><time>2025-07-17T09:44:29.000Z</time></trkpt>
      <trkpt lat="49.25291270948946475982666015625" lon="19.92316349409520626068115234375"><ele>1479.5999755859375</ele><time>2025-07-17T09:45:04.000Z</time></trkpt>
      <trkpt lat="49.25269947387278079986572265625" lon="19.92309157736599445343017578125"><ele>1483.800048828125</ele><time>2025-07-17T09:45:47.000Z</time></trkpt>
      <trkpt lat="49.2525926046073436737060546875" lon="19.923105575144290924072265625"><ele>1489.199951171875</ele><time>2025-07-17T09:46:22.000Z</time></trkpt>
      <trkpt lat="49.252467714250087738037109375" lon="19.9230688624083995819091796875"><ele>1493.5999755859375</ele><time>2025-07-17T09:47:00.000Z</time></trkpt>
      <trkpt lat="49.2523840628564357757568359375" lon="19.92313818074762821197509765625"><ele>1498.5999755859375</ele><time>2025-07-17T09:47:40.000Z</time></trkpt>
      <trkpt lat="49.25218113698065280914306640625" lon="19.92319576442241668701171875"><ele>1503.4000244140625</ele><time>2025-07-17T09:48:20.000Z</time></trkpt>
      <trkpt lat="49.25204836763441562652587890625" lon="19.9232385121285915374755859375"><ele>1507.199951171875</ele><time>2025-07-17T09:49:19.000Z</time></trkpt>
      <trkpt lat="49.25183429382741451263427734375" lon="19.923464991152286529541015625"><ele>1509.4000244140625</ele><time>2025-07-17T09:50:01.000Z</time></trkpt>
      <trkpt lat="49.25161267630755901336669921875" lon="19.92366313934326171875"><ele>1514.800048828125</ele><time>2025-07-17T09:50:50.000Z</time></trkpt>
      <trkpt lat="49.25159624777734279632568359375" lon="19.9237878620624542236328125"><ele>1512</ele><time>2025-07-17T09:51:39.000Z</time></trkpt>
      <trkpt lat="49.25151477567851543426513671875" lon="19.9238721840083599090576171875"><ele>1512.5999755859375</ele><time>2025-07-17T09:52:13.000Z</time></trkpt>
      <trkpt lat="49.25135736353695392608642578125" lon="19.9241695739328861236572265625"><ele>1512</ele><time>2025-07-17T09:52:55.000Z</time></trkpt>
      <trkpt lat="49.2511660046875476837158203125" lon="19.92440066300332546234130859375"><ele>1511.4000244140625</ele><time>2025-07-17T09:53:41.000Z</time></trkpt>
      <trkpt lat="49.25104890950024127960205078125" lon="19.92440535686910152435302734375"><ele>1505.4000244140625</ele><time>2025-07-17T09:54:50.000Z</time></trkpt>
      <trkpt lat="49.2508199997246265411376953125" lon="19.9242746829986572265625"><ele>1505.800048828125</ele><time>2025-07-17T09:55:22.000Z</time></trkpt>
      <trkpt lat="49.250754453241825103759765625" lon="19.9243080429732799530029296875"><ele>1510</ele><time>2025-07-17T09:55:55.000Z</time></trkpt>
      <trkpt lat="49.25070022232830524444580078125" lon="19.92438306100666522979736328125"><ele>1513.199951171875</ele><time>2025-07-17T09:56:47.000Z</time></trkpt>
      <trkpt lat="49.25064590759575366973876953125" lon="19.9244522117078304290771484375"><ele>1516.4000244140625</ele><time>2025-07-17T09:57:24.000Z</time></trkpt>
      <trkpt lat="49.25064892508089542388916015625" lon="19.92457651533186435699462890625"><ele>1520.5999755859375</ele><time>2025-07-17T09:57:52.000Z</time></trkpt>
      <trkpt lat="49.2506634257733821868896484375" lon="19.92467341013252735137939453125"><ele>1524.800048828125</ele><time>2025-07-17T09:58:19.000Z</time></trkpt>
      <trkpt lat="49.250682704150676727294921875" lon="19.9248929321765899658203125"><ele>1533.800048828125</ele><time>2025-07-17T09:59:16.000Z</time></trkpt>
      <trkpt lat="49.250573404133319854736328125" lon="19.92531496100127696990966796875"><ele>1542.199951171875</ele><time>2025-07-17T10:00:36.000Z</time></trkpt>
      <trkpt lat="49.25054616294801235198974609375" lon="19.92558821104466915130615234375"><ele>1547.5999755859375</ele><time>2025-07-17T10:01:41.000Z</time></trkpt>
      <trkpt lat="49.250429570674896240234375" lon="19.9259529076516628265380859375"><ele>1556.800048828125</ele><time>2025-07-17T10:02:57.000Z</time></trkpt>
      <trkpt lat="49.2502064444124698638916015625" lon="19.92609255015850067138671875"><ele>1561</ele><time>2025-07-17T10:03:38.000Z</time></trkpt>
      <trkpt lat="49.2500927858054637908935546875" lon="19.9261748604476451873779296875"><ele>1567.4000244140625</ele><time>2025-07-17T10:04:16.000Z</time></trkpt>
      <trkpt lat="49.2500538937747478485107421875" lon="19.926227666437625885009765625"><ele>1570</ele><time>2025-07-17T10:05:09.000Z</time></trkpt>
      <trkpt lat="49.25002581439912319183349609375" lon="19.9262368865311145782470703125"><ele>1573</ele><time>2025-07-17T10:05:58.000Z</time></trkpt>
      <trkpt lat="49.24988348968327045440673828125" lon="19.92637661285698413848876953125"><ele>1580.4000244140625</ele><time>2025-07-17T10:07:12.000Z</time></trkpt>
      <trkpt lat="49.249789528548717498779296875" lon="19.926433525979518890380859375"><ele>1589.800048828125</ele><time>2025-07-17T10:08:22.000Z</time></trkpt>
      <trkpt lat="49.24977754242718219757080078125" lon="19.92645607329905033111572265625"><ele>1596</ele><time>2025-07-17T10:09:13.000Z</time></trkpt>
      <trkpt lat="49.24973932094871997833251953125" lon="19.92649622261524200439453125"><ele>1605.199951171875</ele><time>2025-07-17T10:10:39.000Z</time></trkpt>
      <trkpt lat="49.2497068829834461212158203125" lon="19.92652413435280323028564453125"><ele>1614.4000244140625</ele><time>2025-07-17T10:11:38.000Z</time></trkpt>
      <trkpt lat="49.24904412589967250823974609375" lon="19.9272075109183788299560546875"><ele>1621.199951171875</ele><time>2025-07-17T10:12:37.000Z</time></trkpt>
      <trkpt lat="49.24900540150701999664306640625" lon="19.92731429636478424072265625"><ele>1621.4000244140625</ele><time>2025-07-17T10:13:32.000Z</time></trkpt>
      <trkpt lat="49.24900473095476627349853515625" lon="19.92731303907930850982666015625"><ele>1620.5999755859375</ele><time>2025-07-17T10:14:48.000Z</time></trkpt>
      <trkpt lat="49.24900623969733715057373046875" lon="19.92730750702321529388427734375"><ele>1619.4000244140625</ele><time>2025-07-17T10:16:53.000Z</time></trkpt>
      <trkpt lat="49.2490058206021785736083984375" lon="19.927302561700344085693359375"><ele>1619.4000244140625</ele><time>2025-07-17T10:17:54.000Z</time></trkpt>
      <trkpt lat="49.2491526715457439422607421875" lon="19.92740406654775142669677734375"><ele>1622</ele><time>2025-07-17T10:19:39.000Z</time></trkpt>
      <trkpt lat="49.2492468841373920440673828125" lon="19.9275337345898151397705078125"><ele>1628</ele><time>2025-07-17T10:20:05.000Z</time></trkpt>
      <trkpt lat="49.24929834902286529541015625" lon="19.9276929907500743865966796875"><ele>1635.4000244140625</ele><time>2025-07-17T10:20:43.000Z</time></trkpt>
      <trkpt lat="49.24932575784623622894287109375" lon="19.92782567627727985382080078125"><ele>1640.5999755859375</ele><time>2025-07-17T10:21:11.000Z</time></trkpt>
      <trkpt lat="49.24934654496610164642333984375" lon="19.92806531488895416259765625"><ele>1647.5999755859375</ele><time>2025-07-17T10:21:52.000Z</time></trkpt>
      <trkpt lat="49.2493612132966518402099609375" lon="19.92830461822450160980224609375"><ele>1654.4000244140625</ele><time>2025-07-17T10:22:30.000Z</time></trkpt>
      <trkpt lat="49.24935693852603435516357421875" lon="19.92856596596539020538330078125"><ele>1658.199951171875</ele><time>2025-07-17T10:23:05.000Z</time></trkpt>
      <trkpt lat="49.24941561184823513031005859375" lon="19.92885614745318889617919921875"><ele>1662.5999755859375</ele><time>2025-07-17T10:23:39.000Z</time></trkpt>
      <trkpt lat="49.249463640153408050537109375" lon="19.9291229434311389923095703125"><ele>1668.800048828125</ele><time>2025-07-17T10:24:17.000Z</time></trkpt>
      <trkpt lat="49.24951694905757904052734375" lon="19.9292483367025852203369140625"><ele>1671.800048828125</ele><time>2025-07-17T10:25:06.000Z</time></trkpt>
      <trkpt lat="49.24956112168729305267333984375" lon="19.929576404392719268798828125"><ele>1676</ele><time>2025-07-17T10:27:00.000Z</time></trkpt>
      <trkpt lat="49.24958995543420314788818359375" lon="19.92988293059170246124267578125"><ele>1678</ele><time>2025-07-17T10:27:28.000Z</time></trkpt>
      <trkpt lat="49.2496347986161708831787109375" lon="19.9302008561789989471435546875"><ele>1682.800048828125</ele><time>2025-07-17T10:28:00.000Z</time></trkpt>
      <trkpt lat="49.2496673204004764556884765625" lon="19.9303698353469371795654296875"><ele>1687.199951171875</ele><time>2025-07-17T10:28:22.000Z</time></trkpt>
      <trkpt lat="49.24966958351433277130126953125" lon="19.93064132519066333770751953125"><ele>1693.4000244140625</ele><time>2025-07-17T10:29:02.000Z</time></trkpt>
      <trkpt lat="49.2496723495423793792724609375" lon="19.93084835819900035858154296875"><ele>1699</ele><time>2025-07-17T10:29:35.000Z</time></trkpt>
      <trkpt lat="49.24964368343353271484375" lon="19.93112093769013881683349609375"><ele>1704.800048828125</ele><time>2025-07-17T10:30:10.000Z</time></trkpt>
      <trkpt lat="49.249618537724018096923828125" lon="19.93136711418628692626953125"><ele>1710.4000244140625</ele><time>2025-07-17T10:30:44.000Z</time></trkpt>
      <trkpt lat="49.24958375282585620880126953125" lon="19.9316046573221683502197265625"><ele>1716.800048828125</ele><time>2025-07-17T10:31:25.000Z</time></trkpt>
      <trkpt lat="49.24961091019213199615478515625" lon="19.9317816831171512603759765625"><ele>1724</ele><time>2025-07-17T10:32:10.000Z</time></trkpt>
      <trkpt lat="49.2496398277580738067626953125" lon="19.931864999234676361083984375"><ele>1730.199951171875</ele><time>2025-07-17T10:32:56.000Z</time></trkpt>
      <trkpt lat="49.24967327155172824859619140625" lon="19.9320324696600437164306640625"><ele>1736.5999755859375</ele><time>2025-07-17T10:33:28.000Z</time></trkpt>
      <trkpt lat="49.249670170247554779052734375" lon="19.93213749490678310394287109375"><ele>1739</ele><time>2025-07-17T10:34:16.000Z</time></trkpt>
      <trkpt lat="49.24960018135607242584228515625" lon="19.93256061337888240814208984375"><ele>1744.199951171875</ele><time>2025-07-17T10:34:56.000Z</time></trkpt>
      <trkpt lat="49.2495281808078289031982421875" lon="19.932782314717769622802734375"><ele>1750.5999755859375</ele><time>2025-07-17T10:35:31.000Z</time></trkpt>
      <trkpt lat="49.2492968402802944183349609375" lon="19.93316746316850185394287109375"><ele>1756.4000244140625</ele><time>2025-07-17T10:36:18.000Z</time></trkpt>
      <trkpt lat="49.2490799166262149810791015625" lon="19.93347709067165851593017578125"><ele>1760.199951171875</ele><time>2025-07-17T10:36:59.000Z</time></trkpt>
      <trkpt lat="49.2488767392933368682861328125" lon="19.93376039899885654449462890625"><ele>1765.199951171875</ele><time>2025-07-17T10:37:43.000Z</time></trkpt>
      <trkpt lat="49.24884371459484100341796875" lon="19.93408042006194591522216796875"><ele>1765.800048828125</ele><time>2025-07-17T10:38:27.000Z</time></trkpt>
      <trkpt lat="49.249081425368785858154296875" lon="19.93407220579683780670166015625"><ele>1771.199951171875</ele><time>2025-07-17T10:39:08.000Z</time></trkpt>
      <trkpt lat="49.249259121716022491455078125" lon="19.93407547473907470703125"><ele>1778.800048828125</ele><time>2025-07-17T10:39:53.000Z</time></trkpt>
      <trkpt lat="49.24946640618145465850830078125" lon="19.93397153913974761962890625"><ele>1786.4000244140625</ele><time>2025-07-17T10:40:41.000Z</time></trkpt>
      <trkpt lat="49.2496327869594097137451171875" lon="19.93384287692606449127197265625"><ele>1792</ele><time>2025-07-17T10:41:18.000Z</time></trkpt>
      <trkpt lat="49.24978273920714855194091796875" lon="19.9338215030729770660400390625"><ele>1799</ele><time>2025-07-17T10:41:55.000Z</time></trkpt>
      <trkpt lat="49.2499922029674053192138671875" lon="19.93380633182823657989501953125"><ele>1807.800048828125</ele><time>2025-07-17T10:42:46.000Z</time></trkpt>
      <trkpt lat="49.2500532232224941253662109375" lon="19.9340189807116985321044921875"><ele>1815.5999755859375</ele><time>2025-07-17T10:43:29.000Z</time></trkpt>
      <trkpt lat="49.2502057738602161407470703125" lon="19.93396441452205181121826171875"><ele>1821.4000244140625</ele><time>2025-07-17T10:44:17.000Z</time></trkpt>
      <trkpt lat="49.25027190707623958587646484375" lon="19.93388461880385875701904296875"><ele>1830</ele><time>2025-07-17T10:44:57.000Z</time></trkpt>
      <trkpt lat="49.25039495341479778289794921875" lon="19.93398964405059814453125"><ele>1839.4000244140625</ele><time>2025-07-17T10:45:50.000Z</time></trkpt>
      <trkpt lat="49.2506003938615322113037109375" lon="19.93428292684257030487060546875"><ele>1848.800048828125</ele><time>2025-07-17T10:47:02.000Z</time></trkpt>
      <trkpt lat="49.25069536082446575164794921875" lon="19.9341775663197040557861328125"><ele>1857.5999755859375</ele><time>2025-07-17T10:48:36.000Z</time></trkpt>
      <trkpt lat="49.2506989650428295135498046875" lon="19.9341691844165325164794921875"><ele>1862.800048828125</ele><time>2025-07-17T10:49:39.000Z</time></trkpt>
      <trkpt lat="49.25071078352630138397216796875" lon="19.934169352054595947265625"><ele>1870.5999755859375</ele><time>2025-07-17T10:50:42.000Z</time></trkpt>
      <trkpt lat="49.25073458813130855560302734375" lon="19.93417161516845226287841796875"><ele>1878</ele><time>2025-07-17T10:51:57.000Z</time></trkpt>
      <trkpt lat="49.25076945684850215911865234375" lon="19.93418066762387752532958984375"><ele>1874.199951171875</ele><time>2025-07-17T10:53:52.000Z</time></trkpt>
      <trkpt lat="49.2507858015596866607666015625" lon="19.9341815896332263946533203125"><ele>1876.4000244140625</ele><time>2025-07-17T10:55:02.000Z</time></trkpt>
      <trkpt lat="49.250799715518951416015625" lon="19.934179075062274932861328125"><ele>1872.4000244140625</ele><time>2025-07-17T10:56:15.000Z</time></trkpt>
      <trkpt lat="49.2508144676685333251953125" lon="19.93417513556778430938720703125"><ele>1869.4000244140625</ele><time>2025-07-17T10:57:54.000Z</time></trkpt>
      <trkpt lat="49.25083257257938385009765625" lon="19.93416843004524707794189453125"><ele>1865.800048828125</ele><time>2025-07-17T11:00:28.000Z</time></trkpt>
      <trkpt lat="49.2508464865386486053466796875" lon="19.9341638199985027313232421875"><ele>1864.5999755859375</ele><time>2025-07-17T11:02:36.000Z</time></trkpt>
      <trkpt lat="49.25085763446986675262451171875" lon="19.9341599643230438232421875"><ele>1864.800048828125</ele><time>2025-07-17T11:04:37.000Z</time></trkpt>
      <trkpt lat="49.25087188370525836944580078125" lon="19.93415518663823604583740234375"><ele>1865.800048828125</ele><time>2025-07-17T11:07:53.000Z</time></trkpt>
      <trkpt lat="49.250885546207427978515625" lon="19.9341514147818088531494140625"><ele>1868</ele><time>2025-07-17T11:12:00.000Z</time></trkpt>
      <trkpt lat="49.25088915042579174041748046875" lon="19.93415032513439655303955078125"><ele>1868</ele><time>2025-07-17T11:13:15.000Z</time></trkpt>
      <trkpt lat="49.25089132972061634063720703125" lon="19.9341497384011745452880859375"><ele>1868.4000244140625</ele><time>2025-07-17T11:14:07.000Z</time></trkpt>
      <trkpt lat="49.250896275043487548828125" lon="19.93414831347763538360595703125"><ele>1869</ele><time>2025-07-17T11:16:05.000Z</time></trkpt>
      <trkpt lat="49.25090105272829532623291015625" lon="19.93414714001119136810302734375"><ele>1870</ele><time>2025-07-17T11:18:00.000Z</time></trkpt>
      <trkpt lat="49.25090641714632511138916015625" lon="19.93414630182087421417236328125"><ele>1870.4000244140625</ele><time>2025-07-17T11:20:12.000Z</time></trkpt>
      <trkpt lat="49.25091044045984745025634765625" lon="19.93414588272571563720703125"><ele>1870.199951171875</ele><time>2025-07-17T11:21:48.000Z</time></trkpt>
      <trkpt lat="49.2509175650775432586669921875" lon="19.93414462544023990631103515625"><ele>1874.4000244140625</ele><time>2025-07-17T11:25:13.000Z</time></trkpt>
      <trkpt lat="49.2509242706000804901123046875" lon="19.93414060212671756744384765625"><ele>1875.199951171875</ele><time>2025-07-17T11:30:22.000Z</time></trkpt>
      <trkpt lat="49.2509249411523342132568359375" lon="19.9341369979083538055419921875"><ele>1870</ele><time>2025-07-17T11:32:06.000Z</time></trkpt>
      <trkpt lat="49.25092586316168308258056640625" lon="19.93412710726261138916015625"><ele>1864</ele><time>2025-07-17T11:34:00.000Z</time></trkpt>
      <trkpt lat="49.25087842158973217010498046875" lon="19.933703653514385223388671875"><ele>1860.800048828125</ele><time>2025-07-17T11:35:36.000Z</time></trkpt>
      <trkpt lat="49.2507968656718730926513671875" lon="19.93377816863358020782470703125"><ele>1858.800048828125</ele><time>2025-07-17T11:36:53.000Z</time></trkpt>
      <trkpt lat="49.2507448978722095489501953125" lon="19.93376366794109344482421875"><ele>1858.4000244140625</ele><time>2025-07-17T11:38:12.000Z</time></trkpt>
      <trkpt lat="49.25074649043381214141845703125" lon="19.93376727215945720672607421875"><ele>1859.5999755859375</ele><time>2025-07-17T11:39:20.000Z</time></trkpt>
      <trkpt lat="49.25074732862412929534912109375" lon="19.93376559577882289886474609375"><ele>1861.199951171875</ele><time>2025-07-17T11:40:33.000Z</time></trkpt>
      <trkpt lat="49.25074540078639984130859375" lon="19.933763332664966583251953125"><ele>1863.4000244140625</ele><time>2025-07-17T11:42:31.000Z</time></trkpt>
      <trkpt lat="49.25062126480042934417724609375" lon="19.93363819085061550140380859375"><ele>1860.4000244140625</ele><time>2025-07-17T11:43:53.000Z</time></trkpt>
      <trkpt lat="49.250582791864871978759765625" lon="19.9336937628686428070068359375"><ele>1857.199951171875</ele><time>2025-07-17T11:45:35.000Z</time></trkpt>
      <trkpt lat="49.2505749128758907318115234375" lon="19.9336997978389263153076171875"><ele>1854</ele><time>2025-07-17T11:47:07.000Z</time></trkpt>
      <trkpt lat="49.25056778825819492340087890625" lon="19.93370239622890949249267578125"><ele>1851.5999755859375</ele><time>2025-07-17T11:48:08.000Z</time></trkpt>
      <trkpt lat="49.2505444027483463287353515625" lon="19.9336964450776576995849609375"><ele>1844.800048828125</ele><time>2025-07-17T11:50:14.000Z</time></trkpt>
      <trkpt lat="49.25051230005919933319091796875" lon="19.93371404707431793212890625"><ele>1836.4000244140625</ele><time>2025-07-17T11:52:11.000Z</time></trkpt>
      <trkpt lat="49.250490255653858184814453125" lon="19.93373190052807331085205078125"><ele>1832</ele><time>2025-07-17T11:53:17.000Z</time></trkpt>
      <trkpt lat="49.25045245327055454254150390625" lon="19.93375293910503387451171875"><ele>1824.5999755859375</ele><time>2025-07-17T11:54:41.000Z</time></trkpt>
      <trkpt lat="49.25040568225085735321044921875" lon="19.93375604040920734405517578125"><ele>1818</ele><time>2025-07-17T11:56:18.000Z</time></trkpt>
      <trkpt lat="49.25035455264151096343994140625" lon="19.93376023136079311370849609375"><ele>1810.800048828125</ele><time>2025-07-17T11:57:41.000Z</time></trkpt>
      <trkpt lat="49.2503013275563716888427734375" lon="19.933774732053279876708984375"><ele>1802.5999755859375</ele><time>2025-07-17T11:58:56.000Z</time></trkpt>
      <trkpt lat="49.25024977885186672210693359375" lon="19.93379007093608379364013671875"><ele>1792.4000244140625</ele><time>2025-07-17T11:59:58.000Z</time></trkpt>
      <trkpt lat="49.24884681589901447296142578125" lon="19.9341852776706218719482421875"><ele>1788.199951171875</ele><time>2025-07-17T12:00:27.000Z</time></trkpt>
      <trkpt lat="49.248742796480655670166015625" lon="19.934056699275970458984375"><ele>1784</ele><time>2025-07-17T12:01:49.000Z</time></trkpt>
      <trkpt lat="49.24847088754177093505859375" lon="19.933957792818546295166015625"><ele>1779.800048828125</ele><time>2025-07-17T12:02:37.000Z</time></trkpt>
      <trkpt lat="49.2482584901154041290283203125" lon="19.9339676834642887115478515625"><ele>1772.199951171875</ele><time>2025-07-17T12:03:21.000Z</time></trkpt>
      <trkpt lat="49.24811339937150478363037109375" lon="19.9338714592158794403076171875"><ele>1764.4000244140625</ele><time>2025-07-17T12:03:58.000Z</time></trkpt>
      <trkpt lat="49.24794525839388370513916015625" lon="19.93376827798783779144287109375"><ele>1757.199951171875</ele><time>2025-07-17T12:04:47.000Z</time></trkpt>
      <trkpt lat="49.24761886708438396453857421875" lon="19.933080039918422698974609375"><ele>1756.199951171875</ele><time>2025-07-17T12:06:08.000Z</time></trkpt>
      <trkpt lat="49.24742323346436023712158203125" lon="19.9327523075044155120849609375"><ele>1755.800048828125</ele><time>2025-07-17T12:06:46.000Z</time></trkpt>
      <trkpt lat="49.24715450964868068695068359375" lon="19.93268198333680629730224609375"><ele>1750.199951171875</ele><time>2025-07-17T12:07:36.000Z</time></trkpt>
      <trkpt lat="49.24694345332682132720947265625" lon="19.93258374743163585662841796875"><ele>1743.800048828125</ele><time>2025-07-17T12:08:12.000Z</time></trkpt>
      <trkpt lat="49.2467118613421916961669921875" lon="19.93253521621227264404296875"><ele>1737.199951171875</ele><time>2025-07-17T12:08:59.000Z</time></trkpt>
      <trkpt lat="49.24639393575489521026611328125" lon="19.932339079678058624267578125"><ele>1733</ele><time>2025-07-17T12:09:46.000Z</time></trkpt>
      <trkpt lat="49.24644757993519306182861328125" lon="19.932475872337818145751953125"><ele>1727.5999755859375</ele><time>2025-07-17T12:10:41.000Z</time></trkpt>
      <trkpt lat="49.24647775478661060333251953125" lon="19.9326445162296295166015625"><ele>1721.5999755859375</ele><time>2025-07-17T12:11:25.000Z</time></trkpt>
      <trkpt lat="49.24652905203402042388916015625" lon="19.932747781276702880859375"><ele>1714.199951171875</ele><time>2025-07-17T12:12:17.000Z</time></trkpt>
      <trkpt lat="49.24661303870379924774169921875" lon="19.9329985678195953369140625"><ele>1707.199951171875</ele><time>2025-07-17T12:13:20.000Z</time></trkpt>
      <trkpt lat="49.24659065902233123779296875" lon="19.9330238811671733856201171875"><ele>1705.199951171875</ele><time>2025-07-17T12:15:50.000Z</time></trkpt>
      <trkpt lat="49.2465988732874393463134765625" lon="19.9330446682870388031005859375"><ele>1698</ele><time>2025-07-17T12:16:47.000Z</time></trkpt>
      <trkpt lat="49.24661748111248016357421875" lon="19.9330979771912097930908203125"><ele>1687.4000244140625</ele><time>2025-07-17T12:17:59.000Z</time></trkpt>
      <trkpt lat="49.2466342449188232421875" lon="19.9331616796553134918212890625"><ele>1678.4000244140625</ele><time>2025-07-17T12:19:01.000Z</time></trkpt>
      <trkpt lat="49.24664623104035854339599609375" lon="19.93324876762926578521728515625"><ele>1669.5999755859375</ele><time>2025-07-17T12:20:15.000Z</time></trkpt>
      <trkpt lat="49.24664832651615142822265625" lon="19.93333376012742519378662109375"><ele>1662.800048828125</ele><time>2025-07-17T12:21:22.000Z</time></trkpt>
      <trkpt lat="49.2464667744934558868408203125" lon="19.93381035514175891876220703125"><ele>1653</ele><time>2025-07-17T12:22:25.000Z</time></trkpt>
      <trkpt lat="49.246097467839717864990234375" lon="19.93429130874574184417724609375"><ele>1649.199951171875</ele><time>2025-07-17T12:23:02.000Z</time></trkpt>
      <trkpt lat="49.2459588311612606048583984375" lon="19.93422425352036952972412109375"><ele>1643.800048828125</ele><time>2025-07-17T12:23:51.000Z</time></trkpt>
      <trkpt lat="49.24584592692553997039794921875" lon="19.934372864663600921630859375"><ele>1638.199951171875</ele><time>2025-07-17T12:24:30.000Z</time></trkpt>
      <trkpt lat="49.24575372599065303802490234375" lon="19.93456807918846607208251953125"><ele>1632.800048828125</ele><time>2025-07-17T12:25:13.000Z</time></trkpt>
      <trkpt lat="49.24570687115192413330078125" lon="19.9347334541380405426025390625"><ele>1627</ele><time>2025-07-17T12:25:49.000Z</time></trkpt>
      <trkpt lat="49.24567946232855319976806640625" lon="19.9349007569253444671630859375"><ele>1621.4000244140625</ele><time>2025-07-17T12:26:35.000Z</time></trkpt>
      <trkpt lat="49.24581281840801239013671875" lon="19.934978373348712921142578125"><ele>1611.5999755859375</ele><time>2025-07-17T12:27:43.000Z</time></trkpt>
      <trkpt lat="49.24591801129281520843505859375" lon="19.935347847640514373779296875"><ele>1604.800048828125</ele><time>2025-07-17T12:28:27.000Z</time></trkpt>
      <trkpt lat="49.2458890937268733978271484375" lon="19.9354901723563671112060546875"><ele>1598.199951171875</ele><time>2025-07-17T12:29:07.000Z</time></trkpt>
      <trkpt lat="49.2458673007786273956298828125" lon="19.935699217021465301513671875"><ele>1591.800048828125</ele><time>2025-07-17T12:29:46.000Z</time></trkpt>
      <trkpt lat="49.24584877677261829376220703125" lon="19.9358965270221233367919921875"><ele>1586.199951171875</ele><time>2025-07-17T12:30:34.000Z</time></trkpt>
      <trkpt lat="49.24581776373088359832763671875" lon="19.93597724474966526031494140625"><ele>1584.199951171875</ele><time>2025-07-17T12:31:02.000Z</time></trkpt>
      <trkpt lat="49.24581306986510753631591796875" lon="19.9360745586454868316650390625"><ele>1579.5999755859375</ele><time>2025-07-17T12:31:37.000Z</time></trkpt>
      <trkpt lat="49.2457952164113521575927734375" lon="19.9362348206341266632080078125"><ele>1574.800048828125</ele><time>2025-07-17T12:32:17.000Z</time></trkpt>
      <trkpt lat="49.2458193562924861907958984375" lon="19.93638963438570499420166015625"><ele>1570.199951171875</ele><time>2025-07-17T12:32:49.000Z</time></trkpt>
      <trkpt lat="49.24583419226109981536865234375" lon="19.9365556798875331878662109375"><ele>1565.199951171875</ele><time>2025-07-17T12:33:19.000Z</time></trkpt>
      <trkpt lat="49.2458411492407321929931640625" lon="19.9368158541619777679443359375"><ele>1559.5999755859375</ele><time>2025-07-17T12:33:56.000Z</time></trkpt>
      <trkpt lat="49.24576965160667896270751953125" lon="19.937050379812717437744140625"><ele>1553.4000244140625</ele><time>2025-07-17T12:34:35.000Z</time></trkpt>
      <trkpt lat="49.24575624056160449981689453125" lon="19.937226064503192901611328125"><ele>1548</ele><time>2025-07-17T12:35:13.000Z</time></trkpt>
      <trkpt lat="49.245736710727214813232421875" lon="19.93744541890919208526611328125"><ele>1541.199951171875</ele><time>2025-07-17T12:35:52.000Z</time></trkpt>
      <trkpt lat="49.24570150673389434814453125" lon="19.93759059347212314605712890625"><ele>1535</ele><time>2025-07-17T12:36:32.000Z</time></trkpt>
      <trkpt lat="49.24571148119866847991943359375" lon="19.9378709681332111358642578125"><ele>1529.5999755859375</ele><time>2025-07-17T12:37:06.000Z</time></trkpt>
      <trkpt lat="49.2456718347966670989990234375" lon="19.93819140829145908355712890625"><ele>1522.800048828125</ele><time>2025-07-17T12:37:45.000Z</time></trkpt>
      <trkpt lat="49.24565850757062435150146484375" lon="19.9385016225278377532958984375"><ele>1516</ele><time>2025-07-17T12:38:23.000Z</time></trkpt>
      <trkpt lat="49.24569874070584774017333984375" lon="19.9388496391475200653076171875"><ele>1509.199951171875</ele><time>2025-07-17T12:39:00.000Z</time></trkpt>
      <trkpt lat="49.245757162570953369140625" lon="19.93926328606903553009033203125"><ele>1504.800048828125</ele><time>2025-07-17T12:39:29.000Z</time></trkpt>
      <trkpt lat="49.24577585421502590179443359375" lon="19.93988019414246082305908203125"><ele>1502</ele><time>2025-07-17T12:40:07.000Z</time></trkpt>
      <trkpt lat="49.245923794806003570556640625" lon="19.940476901829242706298828125"><ele>1497.800048828125</ele><time>2025-07-17T12:40:51.000Z</time></trkpt>
      <trkpt lat="49.24602605402469635009765625" lon="19.94078728370368480682373046875"><ele>1492.4000244140625</ele><time>2025-07-17T12:41:25.000Z</time></trkpt>
      <trkpt lat="49.24611280672252178192138671875" lon="19.94106539525091648101806640625"><ele>1486.5999755859375</ele><time>2025-07-17T12:42:03.000Z</time></trkpt>
      <trkpt lat="49.24627491272985935211181640625" lon="19.94146923534572124481201171875"><ele>1480.4000244140625</ele><time>2025-07-17T12:42:47.000Z</time></trkpt>
      <trkpt lat="49.24628128297626972198486328125" lon="19.9418027512729167938232421875"><ele>1475.5999755859375</ele><time>2025-07-17T12:43:19.000Z</time></trkpt>
      <trkpt lat="49.24631313420832157135009765625" lon="19.94226098991930484771728515625"><ele>1469.4000244140625</ele><time>2025-07-17T12:43:59.000Z</time></trkpt>
      <trkpt lat="49.24638354219496250152587890625" lon="19.9426285363733768463134765625"><ele>1464.199951171875</ele><time>2025-07-17T12:44:34.000Z</time></trkpt>
      <trkpt lat="49.24663650803267955780029296875" lon="19.9430032074451446533203125"><ele>1460</ele><time>2025-07-17T12:45:14.000Z</time></trkpt>
      <trkpt lat="49.2467829398810863494873046875" lon="19.94320713914930820465087890625"><ele>1455</ele><time>2025-07-17T12:45:46.000Z</time></trkpt>
      <trkpt lat="49.2467980273067951202392578125" lon="19.943454153835773468017578125"><ele>1448.4000244140625</ele><time>2025-07-17T12:46:30.000Z</time></trkpt>
      <trkpt lat="49.246843121945858001708984375" lon="19.94353017769753932952880859375"><ele>1443.199951171875</ele><time>2025-07-17T12:47:43.000Z</time></trkpt>
      <trkpt lat="49.24688343890011310577392578125" lon="19.9438968859612941741943359375"><ele>1437</ele><time>2025-07-17T12:48:20.000Z</time></trkpt>
      <trkpt lat="49.246835410594940185546875" lon="19.94410333223640918731689453125"><ele>1432.199951171875</ele><time>2025-07-17T12:48:53.000Z</time></trkpt>
      <trkpt lat="49.24682711251080036163330078125" lon="19.94441228918731212615966796875"><ele>1427.5999755859375</ele><time>2025-07-17T12:49:26.000Z</time></trkpt>
      <trkpt lat="49.24684639088809490203857421875" lon="19.9446452222764492034912109375"><ele>1422.5999755859375</ele><time>2025-07-17T12:50:04.000Z</time></trkpt>
      <trkpt lat="49.24690120853483676910400390625" lon="19.94490631856024265289306640625"><ele>1417.199951171875</ele><time>2025-07-17T12:50:43.000Z</time></trkpt>
      <trkpt lat="49.24690590240061283111572265625" lon="19.945018552243709564208984375"><ele>1414.5999755859375</ele><time>2025-07-17T12:51:28.000Z</time></trkpt>
      <trkpt lat="49.24700128845870494842529296875" lon="19.945597238838672637939453125"><ele>1407</ele><time>2025-07-17T12:52:24.000Z</time></trkpt>
      <trkpt lat="49.2471291124820709228515625" lon="19.9459403939545154571533203125"><ele>1405.199951171875</ele><time>2025-07-17T12:53:07.000Z</time></trkpt>
      <trkpt lat="49.2472203075885772705078125" lon="19.94617483578622341156005859375"><ele>1402.199951171875</ele><time>2025-07-17T12:54:02.000Z</time></trkpt>
      <trkpt lat="49.24736573360860347747802734375" lon="19.94667473249137401580810546875"><ele>1397.4000244140625</ele><time>2025-07-17T12:54:40.000Z</time></trkpt>
      <trkpt lat="49.247499592602252960205078125" lon="19.9469153769314289093017578125"><ele>1395.199951171875</ele><time>2025-07-17T12:55:06.000Z</time></trkpt>
      <trkpt lat="49.24773252569139003753662109375" lon="19.94720078073441982269287109375"><ele>1390.5999755859375</ele><time>2025-07-17T12:55:44.000Z</time></trkpt>
      <trkpt lat="49.247899241745471954345703125" lon="19.9475467018783092498779296875"><ele>1386.800048828125</ele><time>2025-07-17T12:56:29.000Z</time></trkpt>
      <trkpt lat="49.2479605972766876220703125" lon="19.94786739349365234375"><ele>1385</ele><time>2025-07-17T12:56:59.000Z</time></trkpt>
      <trkpt lat="49.2481054365634918212890625" lon="19.94822882115840911865234375"><ele>1381.199951171875</ele><time>2025-07-17T12:57:24.000Z</time></trkpt>
      <trkpt lat="49.24829377792775630950927734375" lon="19.94851824827492237091064453125"><ele>1377</ele><time>2025-07-17T12:57:55.000Z</time></trkpt>
      <trkpt lat="49.24847801215946674346923828125" lon="19.94870130904018878936767578125"><ele>1374.5999755859375</ele><time>2025-07-17T12:58:15.000Z</time></trkpt>
      <trkpt lat="49.24860558472573757171630859375" lon="19.94899350218474864959716796875"><ele>1371.4000244140625</ele><time>2025-07-17T12:58:39.000Z</time></trkpt>
      <trkpt lat="49.24879920668900012969970703125" lon="19.94928267784416675567626953125"><ele>1368.5999755859375</ele><time>2025-07-17T12:59:02.000Z</time></trkpt>
      <trkpt lat="49.2488941736519336700439453125" lon="19.94975659064948558807373046875"><ele>1367.4000244140625</ele><time>2025-07-17T12:59:33.000Z</time></trkpt>
      <trkpt lat="49.24904395826160907745361328125" lon="19.95013629086315631866455078125"><ele>1364.800048828125</ele><time>2025-07-17T13:00:04.000Z</time></trkpt>
      <trkpt lat="49.24911503680050373077392578125" lon="19.9501888453960418701171875"><ele>1364.199951171875</ele><time>2025-07-17T13:00:42.000Z</time></trkpt>
      <trkpt lat="49.24907715059816837310791015625" lon="19.95028984732925891876220703125"><ele>1364</ele><time>2025-07-17T13:02:13.000Z</time></trkpt>
      <trkpt lat="49.24924495629966259002685546875" lon="19.95035111904144287109375"><ele>1362.800048828125</ele><time>2025-07-17T13:03:07.000Z</time></trkpt>
      <trkpt lat="49.24935710616409778594970703125" lon="19.9506299011409282684326171875"><ele>1359.5999755859375</ele><time>2025-07-17T13:03:37.000Z</time></trkpt>
      <trkpt lat="49.24944528378546237945556640625" lon="19.951042123138904571533203125"><ele>1355.4000244140625</ele><time>2025-07-17T13:04:18.000Z</time></trkpt>
      <trkpt lat="49.2495055496692657470703125" lon="19.95144990272819995880126953125"><ele>1348.800048828125</ele><time>2025-07-17T13:05:11.000Z</time></trkpt>
      <trkpt lat="49.24959607422351837158203125" lon="19.95162592269480228424072265625"><ele>1343.5999755859375</ele><time>2025-07-17T13:05:47.000Z</time></trkpt>
      <trkpt lat="49.24977167509496212005615234375" lon="19.9517520703375339508056640625"><ele>1340.800048828125</ele><time>2025-07-17T13:06:39.000Z</time></trkpt>
      <trkpt lat="49.2497444339096546173095703125" lon="19.95176288299262523651123046875"><ele>1341.5999755859375</ele><time>2025-07-17T13:07:51.000Z</time></trkpt>
      <trkpt lat="49.24989044666290283203125" lon="19.9515862762928009033203125"><ele>1340.4000244140625</ele><time>2025-07-17T13:11:49.000Z</time></trkpt>
      <trkpt lat="49.249743930995464324951171875" lon="19.95169281028211116790771484375"><ele>1340</ele><time>2025-07-17T13:12:41.000Z</time></trkpt>
      <trkpt lat="49.249770753085613250732421875" lon="19.95182172395288944244384765625"><ele>1341.199951171875</ele><time>2025-07-17T13:13:48.000Z</time></trkpt>
      <trkpt lat="49.249781481921672821044921875" lon="19.9517849273979663848876953125"><ele>1342</ele><time>2025-07-17T13:15:27.000Z</time></trkpt>
      <trkpt lat="49.24979799427092075347900390625" lon="19.95178702287375926971435546875"><ele>1342.199951171875</ele><time>2025-07-17T13:16:41.000Z</time></trkpt>
      <trkpt lat="49.2497722618281841278076171875" lon="19.951796829700469970703125"><ele>1343.5999755859375</ele><time>2025-07-17T13:19:14.000Z</time></trkpt>
      <trkpt lat="49.24980905838310718536376953125" lon="19.95190403424203395843505859375"><ele>1344</ele><time>2025-07-17T13:20:47.000Z</time></trkpt>
      <trkpt lat="49.2498047836124897003173828125" lon="19.95176657103002071380615234375"><ele>1344.199951171875</ele><time>2025-07-17T13:21:52.000Z</time></trkpt>
      <trkpt lat="49.24975742585957050323486328125" lon="19.951836727559566497802734375"><ele>1344.199951171875</ele><time>2025-07-17T13:23:00.000Z</time></trkpt>
      <trkpt lat="49.24981626681983470916748046875" lon="19.95182356797158718109130859375"><ele>1344.199951171875</ele><time>2025-07-17T13:24:57.000Z</time></trkpt>
      <trkpt lat="49.2498034425079822540283203125" lon="19.95183345861732959747314453125"><ele>1342.800048828125</ele><time>2025-07-17T13:27:00.000Z</time></trkpt>
      <trkpt lat="49.24976446665823459625244140625" lon="19.95175098069012165069580078125"><ele>1342.5999755859375</ele><time>2025-07-17T13:28:51.000Z</time></trkpt>
      <trkpt lat="49.249739907681941986083984375" lon="19.9518077261745929718017578125"><ele>1343.5999755859375</ele><time>2025-07-17T13:30:04.000Z</time></trkpt>
      <trkpt lat="49.249712415039539337158203125" lon="19.95180177502334117889404296875"><ele>1345</ele><time>2025-07-17T13:31:13.000Z</time></trkpt>
      <trkpt lat="49.24965684302151203155517578125" lon="19.951957762241363525390625"><ele>1345.5999755859375</ele><time>2025-07-17T13:31:54.000Z</time></trkpt>
      <trkpt lat="49.24972557462751865386962890625" lon="19.95182507671415805816650390625"><ele>1346.5999755859375</ele><time>2025-07-17T13:33:00.000Z</time></trkpt>
      <trkpt lat="49.24973445944488048553466796875" lon="19.95183764956891536712646484375"><ele>1347.199951171875</ele><time>2025-07-17T13:33:49.000Z</time></trkpt>
      <trkpt lat="49.24974552355706691741943359375" lon="19.95184837840497493743896484375"><ele>1347.5999755859375</ele><time>2025-07-17T13:35:32.000Z</time></trkpt>
      <trkpt lat="49.24962163902819156646728515625" lon="19.95197293348610401153564453125"><ele>1347.800048828125</ele><time>2025-07-17T13:36:15.000Z</time></trkpt>
      <trkpt lat="49.25003327429294586181640625" lon="19.951809234917163848876953125"><ele>1348.199951171875</ele><time>2025-07-17T13:37:19.000Z</time></trkpt>
      <trkpt lat="49.2498899437487125396728515625" lon="19.951712004840373992919921875"><ele>1348</ele><time>2025-07-17T13:38:10.000Z</time></trkpt>
      <trkpt lat="49.24970763735473155975341796875" lon="19.95191509835422039031982421875"><ele>1348</ele><time>2025-07-17T13:44:25.000Z</time></trkpt>
      <trkpt lat="49.2497920431196689605712890625" lon="19.95190168730914592742919921875"><ele>1345</ele><time>2025-07-17T13:45:43.000Z</time></trkpt>
      <trkpt lat="49.2499492876231670379638671875" lon="19.95217661373317241668701171875"><ele>1341.4000244140625</ele><time>2025-07-17T13:46:18.000Z</time></trkpt>
      <trkpt lat="49.2500183545053005218505859375" lon="19.95263828895986080169677734375"><ele>1335.5999755859375</ele><time>2025-07-17T13:46:55.000Z</time></trkpt>
      <trkpt lat="49.2501517944037914276123046875" lon="19.9530358426272869110107421875"><ele>1332</ele><time>2025-07-17T13:47:19.000Z</time></trkpt>
      <trkpt lat="49.2502604238688945770263671875" lon="19.95334379374980926513671875"><ele>1328.4000244140625</ele><time>2025-07-17T13:47:43.000Z</time></trkpt>
      <trkpt lat="49.25032169558107852935791015625" lon="19.95370991528034210205078125"><ele>1324.5999755859375</ele><time>2025-07-17T13:48:12.000Z</time></trkpt>
      <trkpt lat="49.250301830470561981201171875" lon="19.954066984355449676513671875"><ele>1320.4000244140625</ele><time>2025-07-17T13:48:40.000Z</time></trkpt>
      <trkpt lat="49.25044775940477848052978515625" lon="19.9545154161751270294189453125"><ele>1315</ele><time>2025-07-17T13:49:20.000Z</time></trkpt>
      <trkpt lat="49.25060282461345195770263671875" lon="19.955026544630527496337890625"><ele>1311.5999755859375</ele><time>2025-07-17T13:49:56.000Z</time></trkpt>
      <trkpt lat="49.2507687024772167205810546875" lon="19.95569399558007717132568359375"><ele>1308</ele><time>2025-07-17T13:50:41.000Z</time></trkpt>
      <trkpt lat="49.25090256147086620330810546875" lon="19.956085681915283203125"><ele>1304.5999755859375</ele><time>2025-07-17T13:51:15.000Z</time></trkpt>
      <trkpt lat="49.25100716762244701385498046875" lon="19.95637712068855762481689453125"><ele>1303.199951171875</ele><time>2025-07-17T13:51:35.000Z</time></trkpt>
      <trkpt lat="49.2509805969893932342529296875" lon="19.95680845342576503753662109375"><ele>1301.4000244140625</ele><time>2025-07-17T13:51:59.000Z</time></trkpt>
      <trkpt lat="49.25096358172595500946044921875" lon="19.95716049335896968841552734375"><ele>1299.5999755859375</ele><time>2025-07-17T13:52:22.000Z</time></trkpt>
      <trkpt lat="49.25099727697670459747314453125" lon="19.95750314556062221527099609375"><ele>1297.800048828125</ele><time>2025-07-17T13:52:44.000Z</time></trkpt>
      <trkpt lat="49.2510962672531604766845703125" lon="19.95797437615692615509033203125"><ele>1296.4000244140625</ele><time>2025-07-17T13:53:13.000Z</time></trkpt>
      <trkpt lat="49.25119190476834774017333984375" lon="19.9583094008266925811767578125"><ele>1295</ele><time>2025-07-17T13:53:32.000Z</time></trkpt>
      <trkpt lat="49.2512297071516513824462890625" lon="19.9587724171578884124755859375"><ele>1293.5999755859375</ele><time>2025-07-17T13:53:59.000Z</time></trkpt>
      <trkpt lat="49.251352585852146148681640625" lon="19.959053210914134979248046875"><ele>1291.800048828125</ele><time>2025-07-17T13:54:21.000Z</time></trkpt>
      <trkpt lat="49.25143950618803501129150390625" lon="19.95934632606804370880126953125"><ele>1289.4000244140625</ele><time>2025-07-17T13:54:44.000Z</time></trkpt>
      <trkpt lat="49.251466579735279083251953125" lon="19.959675483405590057373046875"><ele>1288</ele><time>2025-07-17T13:55:00.000Z</time></trkpt>
      <trkpt lat="49.251528270542621612548828125" lon="19.96003531850874423980712890625"><ele>1286.199951171875</ele><time>2025-07-17T13:55:23.000Z</time></trkpt>
      <trkpt lat="49.251626171171665191650390625" lon="19.96051409281790256500244140625"><ele>1285</ele><time>2025-07-17T13:55:49.000Z</time></trkpt>
      <trkpt lat="49.25167369656264781951904296875" lon="19.96090737171471118927001953125"><ele>1282.5999755859375</ele><time>2025-07-17T13:56:12.000Z</time></trkpt>
      <trkpt lat="49.25179825164377689361572265625" lon="19.96109613217413425445556640625"><ele>1280.199951171875</ele><time>2025-07-17T13:56:33.000Z</time></trkpt>
      <trkpt lat="49.2518083937466144561767578125" lon="19.96132831089198589324951171875"><ele>1278</ele><time>2025-07-17T13:56:56.000Z</time></trkpt>
      <trkpt lat="49.25180110149085521697998046875" lon="19.96158496476709842681884765625"><ele>1275.4000244140625</ele><time>2025-07-17T13:57:21.000Z</time></trkpt>
      <trkpt lat="49.25191476009786128997802734375" lon="19.96192007325589656829833984375"><ele>1273.5999755859375</ele><time>2025-07-17T13:57:44.000Z</time></trkpt>
      <trkpt lat="49.25192465074360370635986328125" lon="19.96215526945888996124267578125"><ele>1270.199951171875</ele><time>2025-07-17T13:58:13.000Z</time></trkpt>
      <trkpt lat="49.251965470612049102783203125" lon="19.9622757174074649810791015625"><ele>1267</ele><time>2025-07-17T13:58:42.000Z</time></trkpt>
      <trkpt lat="49.25200578756630420684814453125" lon="19.9624329619109630584716796875"><ele>1263.4000244140625</ele><time>2025-07-17T13:59:17.000Z</time></trkpt>
      <trkpt lat="49.25209446810185909271240234375" lon="19.96266136877238750457763671875"><ele>1259</ele><time>2025-07-17T13:59:48.000Z</time></trkpt>
      <trkpt lat="49.252092204988002777099609375" lon="19.963039644062519073486328125"><ele>1256</ele><time>2025-07-17T14:00:12.000Z</time></trkpt>
      <trkpt lat="49.25207803957164287567138671875" lon="19.96324106119573116302490234375"><ele>1253</ele><time>2025-07-17T14:00:32.000Z</time></trkpt>
      <trkpt lat="49.252134449779987335205078125" lon="19.9634441547095775604248046875"><ele>1247.4000244140625</ele><time>2025-07-17T14:01:01.000Z</time></trkpt>
      <trkpt lat="49.25213118083775043487548828125" lon="19.96364389546215534210205078125"><ele>1244</ele><time>2025-07-17T14:01:23.000Z</time></trkpt>
      <trkpt lat="49.252229668200016021728515625" lon="19.9638887308537960052490234375"><ele>1241.4000244140625</ele><time>2025-07-17T14:01:43.000Z</time></trkpt>
      <trkpt lat="49.25224970094859600067138671875" lon="19.96412887237966060638427734375"><ele>1238.4000244140625</ele><time>2025-07-17T14:02:10.000Z</time></trkpt>
      <trkpt lat="49.2523084580898284912109375" lon="19.96432350017130374908447265625"><ele>1236.5999755859375</ele><time>2025-07-17T14:02:29.000Z</time></trkpt>
      <trkpt lat="49.2523907683789730072021484375" lon="19.96445559896528720855712890625"><ele>1233.5999755859375</ele><time>2025-07-17T14:02:53.000Z</time></trkpt>
      <trkpt lat="49.2524474300444126129150390625" lon="19.96465676464140415191650390625"><ele>1231.4000244140625</ele><time>2025-07-17T14:03:13.000Z</time></trkpt>
      <trkpt lat="49.25247718580067157745361328125" lon="19.96486723423004150390625"><ele>1229.4000244140625</ele><time>2025-07-17T14:03:42.000Z</time></trkpt>
      <trkpt lat="49.2526760883629322052001953125" lon="19.96512765996158123016357421875"><ele>1228.800048828125</ele><time>2025-07-17T14:04:20.000Z</time></trkpt>
      <trkpt lat="49.252988398075103759765625" lon="19.96554155834019184112548828125"><ele>1228</ele><time>2025-07-17T14:04:49.000Z</time></trkpt>
      <trkpt lat="49.2532075010240077972412109375" lon="19.965872056782245635986328125"><ele>1231.5999755859375</ele><time>2025-07-17T14:05:22.000Z</time></trkpt>
      <trkpt lat="49.253524839878082275390625" lon="19.96615796349942684173583984375"><ele>1230.5999755859375</ele><time>2025-07-17T14:05:58.000Z</time></trkpt>
      <trkpt lat="49.25369180738925933837890625" lon="19.96637689881026744842529296875"><ele>1227.199951171875</ele><time>2025-07-17T14:06:24.000Z</time></trkpt>
      <trkpt lat="49.2539243213832378387451171875" lon="19.96657890267670154571533203125"><ele>1224.199951171875</ele><time>2025-07-17T14:06:55.000Z</time></trkpt>
      <trkpt lat="49.25416312180459499359130859375" lon="19.96679683215916156768798828125"><ele>1220</ele><time>2025-07-17T14:07:24.000Z</time></trkpt>
      <trkpt lat="49.2543383873999118804931640625" lon="19.9668904580175876617431640625"><ele>1218.4000244140625</ele><time>2025-07-17T14:07:48.000Z</time></trkpt>
      <trkpt lat="49.25471699796617031097412109375" lon="19.96692113578319549560546875"><ele>1216.5999755859375</ele><time>2025-07-17T14:08:23.000Z</time></trkpt>
      <trkpt lat="49.25498463213443756103515625" lon="19.9671516381204128265380859375"><ele>1216.5999755859375</ele><time>2025-07-17T14:08:59.000Z</time></trkpt>
      <trkpt lat="49.25524975173175334930419921875" lon="19.96753628365695476531982421875"><ele>1214.199951171875</ele><time>2025-07-17T14:09:25.000Z</time></trkpt>
      <trkpt lat="49.25546214915812015533447265625" lon="19.967820346355438232421875"><ele>1210.199951171875</ele><time>2025-07-17T14:10:03.000Z</time></trkpt>
      <trkpt lat="49.25587235949933528900146484375" lon="19.9681960232555866241455078125"><ele>1206.800048828125</ele><time>2025-07-17T14:10:47.000Z</time></trkpt>
      <trkpt lat="49.25603379495441913604736328125" lon="19.968434236943721771240234375"><ele>1203</ele><time>2025-07-17T14:11:12.000Z</time></trkpt>
      <trkpt lat="49.25614661537110805511474609375" lon="19.96862626634538173675537109375"><ele>1200.199951171875</ele><time>2025-07-17T14:11:37.000Z</time></trkpt>
      <trkpt lat="49.25642900168895721435546875" lon="19.96883355081081390380859375"><ele>1198.199951171875</ele><time>2025-07-17T14:12:05.000Z</time></trkpt>
      <trkpt lat="49.25675380043685436248779296875" lon="19.96914334595203399658203125"><ele>1197</ele><time>2025-07-17T14:12:31.000Z</time></trkpt>
      <trkpt lat="49.25684633664786815643310546875" lon="19.96941466815769672393798828125"><ele>1194.4000244140625</ele><time>2025-07-17T14:12:48.000Z</time></trkpt>
      <trkpt lat="49.25696401856839656829833984375" lon="19.9696536362171173095703125"><ele>1190.199951171875</ele><time>2025-07-17T14:13:08.000Z</time></trkpt>
      <trkpt lat="49.257112629711627960205078125" lon="19.96988254599273204803466796875"><ele>1186</ele><time>2025-07-17T14:13:33.000Z</time></trkpt>
      <trkpt lat="49.25738059915602207183837890625" lon="19.97010684572160243988037109375"><ele>1182.5999755859375</ele><time>2025-07-17T14:13:59.000Z</time></trkpt>
      <trkpt lat="49.25753834657371044158935546875" lon="19.97016585431993007659912109375"><ele>1179.4000244140625</ele><time>2025-07-17T14:14:22.000Z</time></trkpt>
      <trkpt lat="49.2578490637242794036865234375" lon="19.9702334962785243988037109375"><ele>1176</ele><time>2025-07-17T14:14:43.000Z</time></trkpt>
      <trkpt lat="49.2580317892134189605712890625" lon="19.9703796766698360443115234375"><ele>1172.800048828125</ele><time>2025-07-17T14:15:02.000Z</time></trkpt>
      <trkpt lat="49.258337058126926422119140625" lon="19.97036534361541271209716796875"><ele>1170.4000244140625</ele><time>2025-07-17T14:15:28.000Z</time></trkpt>
      <trkpt lat="49.25872455351054668426513671875" lon="19.97018060646951198577880859375"><ele>1166.5999755859375</ele><time>2025-07-17T14:15:56.000Z</time></trkpt>
      <trkpt lat="49.25925915129482746124267578125" lon="19.9700720608234405517578125"><ele>1166.4000244140625</ele><time>2025-07-17T14:16:33.000Z</time></trkpt>
      <trkpt lat="49.259331487119197845458984375" lon="19.96994775719940662384033203125"><ele>1166.800048828125</ele><time>2025-07-17T14:16:50.000Z</time></trkpt>
      <trkpt lat="49.25964790396392345428466796875" lon="19.97000475414097309112548828125"><ele>1166.5999755859375</ele><time>2025-07-17T14:17:14.000Z</time></trkpt>
      <trkpt lat="49.26006196998059749603271484375" lon="19.97006711550056934356689453125"><ele>1165.800048828125</ele><time>2025-07-17T14:17:41.000Z</time></trkpt>
      <trkpt lat="49.2605661414563655853271484375" lon="19.9704484082758426666259765625"><ele>1164.800048828125</ele><time>2025-07-17T14:18:17.000Z</time></trkpt>
      <trkpt lat="49.26090971566736698150634765625" lon="19.97092776931822299957275390625"><ele>1166.5999755859375</ele><time>2025-07-17T14:18:51.000Z</time></trkpt>
      <trkpt lat="49.26130584441125392913818359375" lon="19.97134619392454624176025390625"><ele>1164.800048828125</ele><time>2025-07-17T14:19:24.000Z</time></trkpt>
      <trkpt lat="49.26153860986232757568359375" lon="19.9716979824006557464599609375"><ele>1161</ele><time>2025-07-17T14:19:50.000Z</time></trkpt>
      <trkpt lat="49.26177372224628925323486328125" lon="19.97189252637326717376708984375"><ele>1155.5999755859375</ele><time>2025-07-17T14:20:15.000Z</time></trkpt>
      <trkpt lat="49.26192576996982097625732421875" lon="19.9721271358430385589599609375"><ele>1151.199951171875</ele><time>2025-07-17T14:20:36.000Z</time></trkpt>
      <trkpt lat="49.26223061978816986083984375" lon="19.97245277278125286102294921875"><ele>1147</ele><time>2025-07-17T14:21:01.000Z</time></trkpt>
      <trkpt lat="49.26247277297079563140869140625" lon="19.97272820211946964263916015625"><ele>1143.199951171875</ele><time>2025-07-17T14:21:24.000Z</time></trkpt>
      <trkpt lat="49.2628128267824649810791015625" lon="19.97316389344632625579833984375"><ele>1139.4000244140625</ele><time>2025-07-17T14:21:53.000Z</time></trkpt>
      <trkpt lat="49.26293210126459598541259765625" lon="19.9733240716159343719482421875"><ele>1136</ele><time>2025-07-17T14:22:12.000Z</time></trkpt>
      <trkpt lat="49.263226054608821868896484375" lon="19.9735470302402973175048828125"><ele>1130.199951171875</ele><time>2025-07-17T14:22:46.000Z</time></trkpt>
      <trkpt lat="49.26373475231230258941650390625" lon="19.9737056158483028411865234375"><ele>1126.5999755859375</ele><time>2025-07-17T14:23:15.000Z</time></trkpt>
      <trkpt lat="49.26406952552497386932373046875" lon="19.974006526172161102294921875"><ele>1123.5999755859375</ele><time>2025-07-17T14:23:45.000Z</time></trkpt>
      <trkpt lat="49.26443195901811122894287109375" lon="19.974314309656620025634765625"><ele>1118.800048828125</ele><time>2025-07-17T14:24:15.000Z</time></trkpt>
      <trkpt lat="49.264624156057834625244140625" lon="19.97457750141620635986328125"><ele>1115.4000244140625</ele><time>2025-07-17T14:24:39.000Z</time></trkpt>
      <trkpt lat="49.26480579189956188201904296875" lon="19.97485376894474029541015625"><ele>1112.199951171875</ele><time>2025-07-17T14:25:06.000Z</time></trkpt>
      <trkpt lat="49.2648271657526493072509765625" lon="19.9750108458101749420166015625"><ele>1110.199951171875</ele><time>2025-07-17T14:25:35.000Z</time></trkpt>
      <trkpt lat="49.264836050570011138916015625" lon="19.9750420264899730682373046875"><ele>1109.199951171875</ele><time>2025-07-17T14:27:08.000Z</time></trkpt>
      <trkpt lat="49.26515095867216587066650390625" lon="19.9754332937300205230712890625"><ele>1105.5999755859375</ele><time>2025-07-17T14:27:43.000Z</time></trkpt>
      <trkpt lat="49.2654574848711490631103515625" lon="19.97568634338676929473876953125"><ele>1102.5999755859375</ele><time>2025-07-17T14:28:14.000Z</time></trkpt>
      <trkpt lat="49.26559570245444774627685546875" lon="19.9760092981159687042236328125"><ele>1099.5999755859375</ele><time>2025-07-17T14:28:39.000Z</time></trkpt>
      <trkpt lat="49.2658567987382411956787109375" lon="19.97638355009257793426513671875"><ele>1096.4000244140625</ele><time>2025-07-17T14:29:06.000Z</time></trkpt>
      <trkpt lat="49.26603374071419239044189453125" lon="19.97664372436702251434326171875"><ele>1094</ele><time>2025-07-17T14:29:28.000Z</time></trkpt>
      <trkpt lat="49.26618176512420177459716796875" lon="19.97689627110958099365234375"><ele>1091.199951171875</ele><time>2025-07-17T14:29:52.000Z</time></trkpt>
      <trkpt lat="49.26642282865941524505615234375" lon="19.97718184255063533782958984375"><ele>1087.4000244140625</ele><time>2025-07-17T14:30:22.000Z</time></trkpt>
      <trkpt lat="49.266645871102809906005859375" lon="19.97739876620471477508544921875"><ele>1082.4000244140625</ele><time>2025-07-17T14:30:52.000Z</time></trkpt>
      <trkpt lat="49.26683337427675724029541015625" lon="19.97764200903475284576416015625"><ele>1077</ele><time>2025-07-17T14:31:21.000Z</time></trkpt>
      <trkpt lat="49.26700218580663204193115234375" lon="19.9778144247829914093017578125"><ele>1072.199951171875</ele><time>2025-07-17T14:31:51.000Z</time></trkpt>
      <trkpt lat="49.2672528885304927825927734375" lon="19.97820116579532623291015625"><ele>1065.5999755859375</ele><time>2025-07-17T14:32:36.000Z</time></trkpt>
      <trkpt lat="49.26751792430877685546875" lon="19.978222958743572235107421875"><ele>1060.800048828125</ele><time>2025-07-17T14:33:14.000Z</time></trkpt>
      <trkpt lat="49.267772734165191650390625" lon="19.97833217494189739227294921875"><ele>1056</ele><time>2025-07-17T14:33:58.000Z</time></trkpt>
      <trkpt lat="49.2680686153471469879150390625" lon="19.9786103703081607818603515625"><ele>1051.800048828125</ele><time>2025-07-17T14:34:31.000Z</time></trkpt>
      <trkpt lat="49.26811630837619304656982421875" lon="19.978900887072086334228515625"><ele>1047.800048828125</ele><time>2025-07-17T14:34:57.000Z</time></trkpt>
      <trkpt lat="49.268163330852985382080078125" lon="19.97932727448642253875732421875"><ele>1043.5999755859375</ele><time>2025-07-17T14:35:24.000Z</time></trkpt>
      <trkpt lat="49.26829836331307888031005859375" lon="19.97958409599959850311279296875"><ele>1039.199951171875</ele><time>2025-07-17T14:35:47.000Z</time></trkpt>
      <trkpt lat="49.26859290339052677154541015625" lon="19.97979850508272647857666015625"><ele>1034.199951171875</ele><time>2025-07-17T14:36:19.000Z</time></trkpt>
      <trkpt lat="49.26895282231271266937255859375" lon="19.9801008403301239013671875"><ele>1029</ele><time>2025-07-17T14:37:05.000Z</time></trkpt>
      <trkpt lat="49.2691800557076930999755859375" lon="19.980287589132785797119140625"><ele>1026.800048828125</ele><time>2025-07-17T14:37:55.000Z</time></trkpt>
      <trkpt lat="49.26931827329099178314208984375" lon="19.98024526052176952362060546875"><ele>1026.199951171875</ele><time>2025-07-17T14:38:36.000Z</time></trkpt>
      <trkpt lat="49.26929094828665256500244140625" lon="19.9799434281885623931884765625"><ele>1026.4000244140625</ele><time>2025-07-17T14:38:54.000Z</time></trkpt>
      <trkpt lat="49.2694680579006671905517578125" lon="19.97937790118157863616943359375"><ele>1028.4000244140625</ele><time>2025-07-17T14:39:28.000Z</time></trkpt>
      <trkpt lat="49.2694073729217052459716796875" lon="19.9799370579421520233154296875"><ele>1025.800048828125</ele><time>2025-07-17T14:41:05.000Z</time></trkpt>
      <trkpt lat="49.26945246756076812744140625" lon="19.98038792051374912261962890625"><ele>1023.5999755859375</ele><time>2025-07-17T14:41:32.000Z</time></trkpt>
      <trkpt lat="49.2697527073323726654052734375" lon="19.98079611919820308685302734375"><ele>1021.4000244140625</ele><time>2025-07-17T14:42:06.000Z</time></trkpt>
      <trkpt lat="49.270105250179767608642578125" lon="19.9808594025671482086181640625"><ele>1016.5999755859375</ele><time>2025-07-17T14:42:45.000Z</time></trkpt>
      <trkpt lat="49.27060984075069427490234375" lon="19.98107783496379852294921875"><ele>1011.5999755859375</ele><time>2025-07-17T14:43:30.000Z</time></trkpt>
      <trkpt lat="49.27122163586318492889404296875" lon="19.98102821409702301025390625"><ele>1005.79998779296875</ele><time>2025-07-17T14:44:18.000Z</time></trkpt>
      <trkpt lat="49.27147611044347286224365234375" lon="19.9810377694666385650634765625"><ele>1002.4000244140625</ele><time>2025-07-17T14:45:17.000Z</time></trkpt>
      <trkpt lat="49.27193242125213146209716796875" lon="19.98108881525695323944091796875"><ele>998.20001220703125</ele><time>2025-07-17T14:45:54.000Z</time></trkpt>
      <trkpt lat="49.27249669097363948822021484375" lon="19.9810478277504444122314453125"><ele>993.4000244140625</ele><time>2025-07-17T14:46:41.000Z</time></trkpt>
      <trkpt lat="49.272906817495822906494140625" lon="19.98087625019252300262451171875"><ele>990.4000244140625</ele><time>2025-07-17T14:47:15.000Z</time></trkpt>
      <trkpt lat="49.27351391874253749847412109375" lon="19.9808704666793346405029296875"><ele>985</ele><time>2025-07-17T14:48:05.000Z</time></trkpt>
      <trkpt lat="49.27400442771613597869873046875" lon="19.9808855541050434112548828125"><ele>980.79998779296875</ele><time>2025-07-17T14:48:49.000Z</time></trkpt>
      <trkpt lat="49.27481822669506072998046875" lon="19.9808148108422756195068359375"><ele>974.79998779296875</ele><time>2025-07-17T14:49:52.000Z</time></trkpt>
      <trkpt lat="49.27538308314979076385498046875" lon="19.98075052164494991302490234375"><ele>970.20001220703125</ele><time>2025-07-17T14:50:41.000Z</time></trkpt>
      <trkpt lat="49.27604055963456630706787109375" lon="19.98079863376915454864501953125"><ele>966.20001220703125</ele><time>2025-07-17T14:51:32.000Z</time></trkpt>
      <trkpt lat="49.276722259819507598876953125" lon="19.98079595156013965606689453125"><ele>961.79998779296875</ele><time>2025-07-17T14:52:27.000Z</time></trkpt>
      <trkpt lat="49.27707203663885593414306640625" lon="19.98074046336114406585693359375"><ele>959.4000244140625</ele><time>2025-07-17T14:52:56.000Z</time></trkpt>
      <trkpt lat="49.2776518128812313079833984375" lon="19.98071347363293170928955078125"><ele>955.79998779296875</ele><time>2025-07-17T14:53:41.000Z</time></trkpt>
      <trkpt lat="49.27824600599706172943115234375" lon="19.9803296662867069244384765625"><ele>952</ele><time>2025-07-17T14:54:27.000Z</time></trkpt>
      <trkpt lat="49.27860282361507415771484375" lon="19.98001039959490299224853515625"><ele>949.79998779296875</ele><time>2025-07-17T14:54:56.000Z</time></trkpt>
      <trkpt lat="49.27881396375596523284912109375" lon="19.97990881092846393585205078125"><ele>948.4000244140625</ele><time>2025-07-17T14:55:20.000Z</time></trkpt>
      <trkpt lat="49.2791498266160488128662109375" lon="19.9797130934894084930419921875"><ele>947.79998779296875</ele><time>2025-07-17T14:55:50.000Z</time></trkpt>
      <trkpt lat="49.27964880131185054779052734375" lon="19.9794517457485198974609375"><ele>946.5999755859375</ele><time>2025-07-17T14:56:22.000Z</time></trkpt>
      <trkpt lat="49.280132353305816650390625" lon="19.978833161294460296630859375"><ele>943.4000244140625</ele><time>2025-07-17T14:57:11.000Z</time></trkpt>
      <trkpt lat="49.280698634684085845947265625" lon="19.97821080498397350311279296875"><ele>939.20001220703125</ele><time>2025-07-17T14:58:06.000Z</time></trkpt>
      <trkpt lat="49.28114019334316253662109375" lon="19.97770101763308048248291015625"><ele>936</ele><time>2025-07-17T14:58:52.000Z</time></trkpt>
      <trkpt lat="49.2814880423247814178466796875" lon="19.9773319624364376068115234375"><ele>933.5999755859375</ele><time>2025-07-17T14:59:26.000Z</time></trkpt>
      <trkpt lat="49.281949214637279510498046875" lon="19.97679158113896846771240234375"><ele>930.5999755859375</ele><time>2025-07-17T15:00:07.000Z</time></trkpt>
      <trkpt lat="49.28239186294376850128173828125" lon="19.97635773383080959320068359375"><ele>927.5999755859375</ele><time>2025-07-17T15:00:49.000Z</time></trkpt>
      <trkpt lat="49.28279922343790531158447265625" lon="19.9758647941052913665771484375"><ele>924.4000244140625</ele><time>2025-07-17T15:01:28.000Z</time></trkpt>
      <trkpt lat="49.28317976184189319610595703125" lon="19.975460954010486602783203125"><ele>921.5999755859375</ele><time>2025-07-17T15:02:08.000Z</time></trkpt>
      <trkpt lat="49.28366540931165218353271484375" lon="19.9748888052999973297119140625"><ele>918.5999755859375</ele><time>2025-07-17T15:02:54.000Z</time></trkpt>
      <trkpt lat="49.2838054709136486053466796875" lon="19.97479601763188838958740234375"><ele>917.79998779296875</ele><time>2025-07-17T15:03:29.000Z</time></trkpt>
      <trkpt lat="49.28408098407089710235595703125" lon="19.9744744040071964263916015625"><ele>916</ele><time>2025-07-17T15:04:00.000Z</time></trkpt>
      <trkpt lat="49.28446881473064422607421875" lon="19.9736797995865345001220703125"><ele>913.20001220703125</ele><time>2025-07-17T15:04:52.000Z</time></trkpt>
      <trkpt lat="49.28412842564284801483154296875" lon="19.97275988571345806121826171875"><ele>911.79998779296875</ele><time>2025-07-17T15:05:52.000Z</time></trkpt>
      <trkpt lat="49.2838919721543788909912109375" lon="19.972439445555210113525390625"><ele>911</ele><time>2025-07-17T15:06:35.000Z</time></trkpt>
      <trkpt lat="49.28318001329898834228515625" lon="19.9711853452026844024658203125"><ele>909.5999755859375</ele><time>2025-07-17T15:08:04.000Z</time></trkpt>
      <trkpt lat="49.2826254665851593017578125" lon="19.9700950272381305694580078125"><ele>907.4000244140625</ele><time>2025-07-17T15:09:21.000Z</time></trkpt>
      <trkpt lat="49.28287583403289318084716796875" lon="19.9697694741189479827880859375"><ele>906</ele><time>2025-07-17T15:09:51.000Z</time></trkpt>
      <trkpt lat="49.28335661999881267547607421875" lon="19.96925599873065948486328125"><ele>903.20001220703125</ele><time>2025-07-17T15:10:36.000Z</time></trkpt>
      <trkpt lat="49.28387596271932125091552734375" lon="19.968843273818492889404296875"><ele>900.4000244140625</ele><time>2025-07-17T15:11:26.000Z</time></trkpt>
      <trkpt lat="49.28445397876203060150146484375" lon="19.9683036468923091888427734375"><ele>897.20001220703125</ele><time>2025-07-17T15:12:20.000Z</time></trkpt>
      <trkpt lat="49.28494147025048732757568359375" lon="19.96786636300384998321533203125"><ele>895</ele><time>2025-07-17T15:13:07.000Z</time></trkpt>
      <trkpt lat="49.2855463922023773193359375" lon="19.96732790954411029815673828125"><ele>892.4000244140625</ele><time>2025-07-17T15:14:05.000Z</time></trkpt>
      <trkpt lat="49.2861658148467540740966796875" lon="19.9668478779494762420654296875"><ele>889.20001220703125</ele><time>2025-07-17T15:15:07.000Z</time></trkpt>
      <trkpt lat="49.28655850701034069061279296875" lon="19.96656783856451511383056640625"><ele>887.5999755859375</ele><time>2025-07-17T15:15:39.000Z</time></trkpt>
      <trkpt lat="49.28697668015956878662109375" lon="19.966084621846675872802734375"><ele>885.5999755859375</ele><time>2025-07-17T15:16:23.000Z</time></trkpt>
      <trkpt lat="49.2873707972466945648193359375" lon="19.965540468692779541015625"><ele>883.20001220703125</ele><time>2025-07-17T15:17:11.000Z</time></trkpt>
      <trkpt lat="49.2871248722076416015625" lon="19.9647802300751209259033203125"><ele>882.4000244140625</ele><time>2025-07-17T15:18:00.000Z</time></trkpt>
      <trkpt lat="49.28683460690081119537353515625" lon="19.96399928815662860870361328125"><ele>881.79998779296875</ele><time>2025-07-17T15:18:48.000Z</time></trkpt>
      <trkpt lat="49.287320673465728759765625" lon="19.9633549712598323822021484375"><ele>878.79998779296875</ele><time>2025-07-17T15:19:41.000Z</time></trkpt>
      <trkpt lat="49.28799918852746486663818359375" lon="19.9626217223703861236572265625"><ele>876.79998779296875</ele><time>2025-07-17T15:20:46.000Z</time></trkpt>
      <trkpt lat="49.2885737679898738861083984375" lon="19.9621112644672393798828125"><ele>875</ele><time>2025-07-17T15:21:39.000Z</time></trkpt>
      <trkpt lat="49.28909026086330413818359375" lon="19.96155965141952037811279296875"><ele>872</ele><time>2025-07-17T15:22:32.000Z</time></trkpt>
      <trkpt lat="49.2885784618556499481201171875" lon="19.96068357490003108978271484375"><ele>870.79998779296875</ele><time>2025-07-17T15:23:30.000Z</time></trkpt>
      <trkpt lat="49.28859447129070758819580078125" lon="19.9600065685808658599853515625"><ele>870</ele><time>2025-07-17T15:24:14.000Z</time></trkpt>
      <trkpt lat="49.28869890980422496795654296875" lon="19.95997019112110137939453125"><ele>866.20001220703125</ele><time>2025-07-17T15:41:54.000Z</time></trkpt>
      <trkpt lat="49.28880435414612293243408203125" lon="19.96089211665093898773193359375"><ele>867</ele><time>2025-07-17T15:42:47.000Z</time></trkpt>
      <trkpt lat="49.2890803702175617218017578125" lon="19.9616658501327037811279296875"><ele>867.20001220703125</ele><time>2025-07-17T15:43:38.000Z</time></trkpt>
      <trkpt lat="49.28873864002525806427001953125" lon="19.96207195334136486053466796875"><ele>870.20001220703125</ele><time>2025-07-17T15:44:18.000Z</time></trkpt>
      <trkpt lat="49.2879387550055980682373046875" lon="19.96273261494934558868408203125"><ele>874</ele><time>2025-07-17T15:45:24.000Z</time></trkpt>
      <trkpt lat="49.287516139447689056396484375" lon="19.96318507008254528045654296875"><ele>876.5999755859375</ele><time>2025-07-17T15:46:01.000Z</time></trkpt>
      <trkpt lat="49.2871723137795925140380859375" lon="19.96328003704547882080078125"><ele>877.4000244140625</ele><time>2025-07-17T15:46:33.000Z</time></trkpt>
      <trkpt lat="49.28692747838795185089111328125" lon="19.96320401318371295928955078125"><ele>877.20001220703125</ele><time>2025-07-17T15:46:57.000Z</time></trkpt>
    </trkseg>
  </trk>
</gpx>
