<?xml version="1.0" encoding="UTF-8"?>
<gpx version="1.1" creator="W Dobrym Kierunku" xmlns="http://www.topografix.com/GPX/1/1">
  <metadata>
    <name>Rysy od strony polskiej — ślad GPS autora, 14.07.2025</name>
    <time>2025-07-14T06:14:35.000Z</time>
  </metadata>
  <trk>
    <name>Rysy od strony polskiej — ślad GPS autora, 14.07.2025</name>
    <trkseg>
      <trkpt lat="49.2635549604892730712890625" lon="20.11376646347343921661376953125"><ele>988.5999755859375</ele><time>2025-07-14T06:14:35.000Z</time></trkpt>
      <trkpt lat="49.263588823378086090087890625" lon="20.11330076493322849273681640625"><ele>989.20001220703125</ele><time>2025-07-14T06:14:59.000Z</time></trkpt>
      <trkpt lat="49.26345982588827610015869140625" lon="20.11232276447117328643798828125"><ele>989.4000244140625</ele><time>2025-07-14T06:15:50.000Z</time></trkpt>
      <trkpt lat="49.26306906156241893768310546875" lon="20.11175145395100116729736328125"><ele>989.20001220703125</ele><time>2025-07-14T06:16:27.000Z</time></trkpt>
      <trkpt lat="49.26276513375341892242431640625" lon="20.11137309484183788299560546875"><ele>989.79998779296875</ele><time>2025-07-14T06:17:01.000Z</time></trkpt>
      <trkpt lat="49.262381829321384429931640625" lon="20.1106528379023075103759765625"><ele>989.20001220703125</ele><time>2025-07-14T06:17:44.000Z</time></trkpt>
      <trkpt lat="49.261939935386180877685546875" lon="20.11000567115843296051025390625"><ele>990.20001220703125</ele><time>2025-07-14T06:18:36.000Z</time></trkpt>
      <trkpt lat="49.2616527713835239410400390625" lon="20.10969788767397403717041015625"><ele>990.4000244140625</ele><time>2025-07-14T06:19:01.000Z</time></trkpt>
      <trkpt lat="49.26091943867504596710205078125" lon="20.1089863479137420654296875"><ele>991.4000244140625</ele><time>2025-07-14T06:19:58.000Z</time></trkpt>
      <trkpt lat="49.260589443147182464599609375" lon="20.10877839289605617523193359375"><ele>992.20001220703125</ele><time>2025-07-14T06:20:35.000Z</time></trkpt>
      <trkpt lat="49.26028341986238956451416015625" lon="20.108305402100086212158203125"><ele>993.20001220703125</ele><time>2025-07-14T06:21:13.000Z</time></trkpt>
      <trkpt lat="49.25981420092284679412841796875" lon="20.10797373019158840179443359375"><ele>993.5999755859375</ele><time>2025-07-14T06:21:49.000Z</time></trkpt>
      <trkpt lat="49.25929754041135311126708984375" lon="20.10734659619629383087158203125"><ele>994.4000244140625</ele><time>2025-07-14T06:22:39.000Z</time></trkpt>
      <trkpt lat="49.25887526012957096099853515625" lon="20.10693504475057125091552734375"><ele>994.79998779296875</ele><time>2025-07-14T06:23:20.000Z</time></trkpt>
      <trkpt lat="49.2584936320781707763671875" lon="20.10654813610017299652099609375"><ele>995.20001220703125</ele><time>2025-07-14T06:23:52.000Z</time></trkpt>
      <trkpt lat="49.258015863597393035888671875" lon="20.106046311557292938232421875"><ele>996.5999755859375</ele><time>2025-07-14T06:24:39.000Z</time></trkpt>
      <trkpt lat="49.25761529244482517242431640625" lon="20.10570759885013103485107421875"><ele>997.4000244140625</ele><time>2025-07-14T06:25:15.000Z</time></trkpt>
      <trkpt lat="49.25722603686153888702392578125" lon="20.1053755916655063629150390625"><ele>997.5999755859375</ele><time>2025-07-14T06:25:48.000Z</time></trkpt>
      <trkpt lat="49.25682387314736843109130859375" lon="20.1050879247486591339111328125"><ele>999</ele><time>2025-07-14T06:26:21.000Z</time></trkpt>
      <trkpt lat="49.25651910714805126190185546875" lon="20.1047560013830661773681640625"><ele>999.79998779296875</ele><time>2025-07-14T06:26:47.000Z</time></trkpt>
      <trkpt lat="49.2559289373457431793212890625" lon="20.10421578772366046905517578125"><ele>1001.4000244140625</ele><time>2025-07-14T06:27:35.000Z</time></trkpt>
      <trkpt lat="49.25554764457046985626220703125" lon="20.103867687284946441650390625"><ele>1002.4000244140625</ele><time>2025-07-14T06:28:12.000Z</time></trkpt>
      <trkpt lat="49.25510457716882228851318359375" lon="20.1033213548362255096435546875"><ele>1003</ele><time>2025-07-14T06:28:57.000Z</time></trkpt>
      <trkpt lat="49.2550899088382720947265625" lon="20.1029357872903347015380859375"><ele>1003</ele><time>2025-07-14T06:29:51.000Z</time></trkpt>
      <trkpt lat="49.25503165461122989654541015625" lon="20.1030866615474224090576171875"><ele>1002.20001220703125</ele><time>2025-07-14T06:30:22.000Z</time></trkpt>
      <trkpt lat="49.2550897412002086639404296875" lon="20.1030108891427516937255859375"><ele>1002</ele><time>2025-07-14T06:31:04.000Z</time></trkpt>
      <trkpt lat="49.254984296858310699462890625" lon="20.10328355245292186737060546875"><ele>1001.5999755859375</ele><time>2025-07-14T06:31:38.000Z</time></trkpt>
      <trkpt lat="49.2548151500523090362548828125" lon="20.1030170917510986328125"><ele>1001.20001220703125</ele><time>2025-07-14T06:32:30.000Z</time></trkpt>
      <trkpt lat="49.254343919456005096435546875" lon="20.1028657145798206329345703125"><ele>1001.4000244140625</ele><time>2025-07-14T06:33:16.000Z</time></trkpt>
      <trkpt lat="49.2540116608142852783203125" lon="20.10253898799419403076171875"><ele>1000.5999755859375</ele><time>2025-07-14T06:33:46.000Z</time></trkpt>
      <trkpt lat="49.25312175415456295013427734375" lon="20.1017519272863864898681640625"><ele>1001.20001220703125</ele><time>2025-07-14T06:35:03.000Z</time></trkpt>
      <trkpt lat="49.252430163323879241943359375" lon="20.10115689598023891448974609375"><ele>1003.20001220703125</ele><time>2025-07-14T06:35:58.000Z</time></trkpt>
      <trkpt lat="49.25206060521304607391357421875" lon="20.1008064486086368560791015625"><ele>1006</ele><time>2025-07-14T06:36:35.000Z</time></trkpt>
      <trkpt lat="49.251666404306888580322265625" lon="20.10042917914688587188720703125"><ele>1006.5999755859375</ele><time>2025-07-14T06:37:05.000Z</time></trkpt>
      <trkpt lat="49.25113566219806671142578125" lon="20.0999913923442363739013671875"><ele>1007.20001220703125</ele><time>2025-07-14T06:37:51.000Z</time></trkpt>
      <trkpt lat="49.2508129589259624481201171875" lon="20.099720321595668792724609375"><ele>1007.4000244140625</ele><time>2025-07-14T06:38:22.000Z</time></trkpt>
      <trkpt lat="49.2505410499870777130126953125" lon="20.0983777083456516265869140625"><ele>1008.5999755859375</ele><time>2025-07-14T06:39:32.000Z</time></trkpt>
      <trkpt lat="49.25062444992363452911376953125" lon="20.0974630750715732574462890625"><ele>1011</ele><time>2025-07-14T06:40:16.000Z</time></trkpt>
      <trkpt lat="49.2507978715002536773681640625" lon="20.096717588603496551513671875"><ele>1014.79998779296875</ele><time>2025-07-14T06:40:56.000Z</time></trkpt>
      <trkpt lat="49.25065311603248119354248046875" lon="20.09625381790101528167724609375"><ele>1017</ele><time>2025-07-14T06:41:23.000Z</time></trkpt>
      <trkpt lat="49.25025589764118194580078125" lon="20.09617921896278858184814453125"><ele>1019.20001220703125</ele><time>2025-07-14T06:41:52.000Z</time></trkpt>
      <trkpt lat="49.24976463429629802703857421875" lon="20.0958644784986972808837890625"><ele>1021.4000244140625</ele><time>2025-07-14T06:42:29.000Z</time></trkpt>
      <trkpt lat="49.2493789829313755035400390625" lon="20.095802284777164459228515625"><ele>1023.20001220703125</ele><time>2025-07-14T06:42:56.000Z</time></trkpt>
      <trkpt lat="49.2491342313587665557861328125" lon="20.095570944249629974365234375"><ele>1024.5999755859375</ele><time>2025-07-14T06:43:20.000Z</time></trkpt>
      <trkpt lat="49.24864732660353183746337890625" lon="20.09543021209537982940673828125"><ele>1026.199951171875</ele><time>2025-07-14T06:43:56.000Z</time></trkpt>
      <trkpt lat="49.24832604825496673583984375" lon="20.09535728953778743743896484375"><ele>1027.5999755859375</ele><time>2025-07-14T06:44:20.000Z</time></trkpt>
      <trkpt lat="49.24787116236984729766845703125" lon="20.09525285102427005767822265625"><ele>1029.4000244140625</ele><time>2025-07-14T06:44:53.000Z</time></trkpt>
      <trkpt lat="49.24755466170608997344970703125" lon="20.09508739225566387176513671875"><ele>1030.5999755859375</ele><time>2025-07-14T06:45:20.000Z</time></trkpt>
      <trkpt lat="49.24709893763065338134765625" lon="20.0951453112065792083740234375"><ele>1032.800048828125</ele><time>2025-07-14T06:45:50.000Z</time></trkpt>
      <trkpt lat="49.24663625657558441162109375" lon="20.09510935284197330474853515625"><ele>1035.4000244140625</ele><time>2025-07-14T06:46:23.000Z</time></trkpt>
      <trkpt lat="49.24631229601800441741943359375" lon="20.09512444026768207550048828125"><ele>1036.800048828125</ele><time>2025-07-14T06:46:46.000Z</time></trkpt>
      <trkpt lat="49.246062934398651123046875" lon="20.094709284603595733642578125"><ele>1038.4000244140625</ele><time>2025-07-14T06:47:12.000Z</time></trkpt>
      <trkpt lat="49.24567510373890399932861328125" lon="20.094488002359867095947265625"><ele>1040.5999755859375</ele><time>2025-07-14T06:47:41.000Z</time></trkpt>
      <trkpt lat="49.2451737821102142333984375" lon="20.09416353888809680938720703125"><ele>1043.4000244140625</ele><time>2025-07-14T06:48:25.000Z</time></trkpt>
      <trkpt lat="49.24475225619971752166748046875" lon="20.09402188472449779510498046875"><ele>1045.4000244140625</ele><time>2025-07-14T06:48:57.000Z</time></trkpt>
      <trkpt lat="49.244354702532291412353515625" lon="20.0939557515084743499755859375"><ele>1047.4000244140625</ele><time>2025-07-14T06:49:26.000Z</time></trkpt>
      <trkpt lat="49.24378775060176849365234375" lon="20.09378383867442607879638671875"><ele>1050.5999755859375</ele><time>2025-07-14T06:50:11.000Z</time></trkpt>
      <trkpt lat="49.2433901131153106689453125" lon="20.0937941484153270721435546875"><ele>1052.5999755859375</ele><time>2025-07-14T06:50:40.000Z</time></trkpt>
      <trkpt lat="49.24300144426524639129638671875" lon="20.09385575540363788604736328125"><ele>1054.800048828125</ele><time>2025-07-14T06:51:06.000Z</time></trkpt>
      <trkpt lat="49.24266390502452850341796875" lon="20.09377093054354190826416015625"><ele>1057</ele><time>2025-07-14T06:51:32.000Z</time></trkpt>
      <trkpt lat="49.24223005771636962890625" lon="20.09359222836792469024658203125"><ele>1059.800048828125</ele><time>2025-07-14T06:52:06.000Z</time></trkpt>
      <trkpt lat="49.241809956729412078857421875" lon="20.0935527496039867401123046875"><ele>1061.199951171875</ele><time>2025-07-14T06:52:35.000Z</time></trkpt>
      <trkpt lat="49.24159278161823749542236328125" lon="20.09319878183305263519287109375"><ele>1062.4000244140625</ele><time>2025-07-14T06:53:01.000Z</time></trkpt>
      <trkpt lat="49.2412036098539829254150390625" lon="20.093215294182300567626953125"><ele>1063</ele><time>2025-07-14T06:53:24.000Z</time></trkpt>
      <trkpt lat="49.24095374532043933868408203125" lon="20.09298655204474925994873046875"><ele>1064</ele><time>2025-07-14T06:53:48.000Z</time></trkpt>
      <trkpt lat="49.24047497101128101348876953125" lon="20.09282260201871395111083984375"><ele>1066.4000244140625</ele><time>2025-07-14T06:54:25.000Z</time></trkpt>
      <trkpt lat="49.2400163970887660980224609375" lon="20.09267357178032398223876953125"><ele>1068.800048828125</ele><time>2025-07-14T06:55:07.000Z</time></trkpt>
      <trkpt lat="49.23947098664939403533935546875" lon="20.0925905071198940277099609375"><ele>1071.4000244140625</ele><time>2025-07-14T06:55:55.000Z</time></trkpt>
      <trkpt lat="49.23876573331654071807861328125" lon="20.09253040887415409088134765625"><ele>1075.800048828125</ele><time>2025-07-14T06:56:53.000Z</time></trkpt>
      <trkpt lat="49.23832300119102001190185546875" lon="20.0922569073736667633056640625"><ele>1079</ele><time>2025-07-14T06:57:31.000Z</time></trkpt>
      <trkpt lat="49.23779175616800785064697265625" lon="20.091864131391048431396484375"><ele>1082.4000244140625</ele><time>2025-07-14T06:58:15.000Z</time></trkpt>
      <trkpt lat="49.23743602819740772247314453125" lon="20.0914713554084300994873046875"><ele>1085.199951171875</ele><time>2025-07-14T06:58:50.000Z</time></trkpt>
      <trkpt lat="49.2370641231536865234375" lon="20.0911737978458404541015625"><ele>1087.800048828125</ele><time>2025-07-14T06:59:22.000Z</time></trkpt>
      <trkpt lat="49.23660286702215671539306640625" lon="20.09062436409294605255126953125"><ele>1092</ele><time>2025-07-14T07:00:08.000Z</time></trkpt>
      <trkpt lat="49.23624336719512939453125" lon="20.09009496308863162994384765625"><ele>1095</ele><time>2025-07-14T07:00:49.000Z</time></trkpt>
      <trkpt lat="49.2357781715691089630126953125" lon="20.08992900140583515167236328125"><ele>1098</ele><time>2025-07-14T07:01:24.000Z</time></trkpt>
      <trkpt lat="49.23542772419750690460205078125" lon="20.0896082259714603424072265625"><ele>1100.4000244140625</ele><time>2025-07-14T07:01:58.000Z</time></trkpt>
      <trkpt lat="49.23488005064427852630615234375" lon="20.0887526012957096099853515625"><ele>1102.4000244140625</ele><time>2025-07-14T07:02:56.000Z</time></trkpt>
      <trkpt lat="49.23469598405063152313232421875" lon="20.088086910545825958251953125"><ele>1103.5999755859375</ele><time>2025-07-14T07:03:35.000Z</time></trkpt>
      <trkpt lat="49.23449096269905567169189453125" lon="20.08739548735320568084716796875"><ele>1104.800048828125</ele><time>2025-07-14T07:04:09.000Z</time></trkpt>
      <trkpt lat="49.23418502323329448699951171875" lon="20.08736581541597843170166015625"><ele>1104.199951171875</ele><time>2025-07-14T07:04:53.000Z</time></trkpt>
      <trkpt lat="49.23412584699690341949462890625" lon="20.08761626668274402618408203125"><ele>1105</ele><time>2025-07-14T07:05:30.000Z</time></trkpt>
      <trkpt lat="49.23395921476185321807861328125" lon="20.08837214671075344085693359375"><ele>1106.199951171875</ele><time>2025-07-14T07:06:11.000Z</time></trkpt>
      <trkpt lat="49.2337795905768871307373046875" lon="20.08895636536180973052978515625"><ele>1105.800048828125</ele><time>2025-07-14T07:06:54.000Z</time></trkpt>
      <trkpt lat="49.23370976932346820831298828125" lon="20.0889145396649837493896484375"><ele>1106.800048828125</ele><time>2025-07-14T07:07:55.000Z</time></trkpt>
      <trkpt lat="49.2336974479258060455322265625" lon="20.089489035308361053466796875"><ele>1107.4000244140625</ele><time>2025-07-14T07:08:47.000Z</time></trkpt>
      <trkpt lat="49.23372904770076274871826171875" lon="20.090707428753376007080078125"><ele>1108</ele><time>2025-07-14T07:09:49.000Z</time></trkpt>
      <trkpt lat="49.233685545623302459716796875" lon="20.0913481414318084716796875"><ele>1109</ele><time>2025-07-14T07:10:19.000Z</time></trkpt>
      <trkpt lat="49.23342428170144557952880859375" lon="20.09193495847284793853759765625"><ele>1110.199951171875</ele><time>2025-07-14T07:10:54.000Z</time></trkpt>
      <trkpt lat="49.23309135250747203826904296875" lon="20.09262629784643650054931640625"><ele>1111.800048828125</ele><time>2025-07-14T07:11:37.000Z</time></trkpt>
      <trkpt lat="49.23253856599330902099609375" lon="20.09333054535090923309326171875"><ele>1113.5999755859375</ele><time>2025-07-14T07:12:24.000Z</time></trkpt>
      <trkpt lat="49.23184278421103954315185546875" lon="20.09367487393319606781005859375"><ele>1116</ele><time>2025-07-14T07:13:18.000Z</time></trkpt>
      <trkpt lat="49.2312123812735080718994140625" lon="20.094313323497772216796875"><ele>1118.5999755859375</ele><time>2025-07-14T07:14:21.000Z</time></trkpt>
      <trkpt lat="49.23056957311928272247314453125" lon="20.094749517738819122314453125"><ele>1120.4000244140625</ele><time>2025-07-14T07:15:11.000Z</time></trkpt>
      <trkpt lat="49.22998351044952869415283203125" lon="20.09524379856884479522705078125"><ele>1122</ele><time>2025-07-14T07:16:00.000Z</time></trkpt>
      <trkpt lat="49.2293058335781097412109375" lon="20.09550246410071849822998046875"><ele>1123.199951171875</ele><time>2025-07-14T07:16:52.000Z</time></trkpt>
      <trkpt lat="49.228903837502002716064453125" lon="20.09561754763126373291015625"><ele>1123.199951171875</ele><time>2025-07-14T07:17:23.000Z</time></trkpt>
      <trkpt lat="49.2282002605497837066650390625" lon="20.09584880433976650238037109375"><ele>1124.199951171875</ele><time>2025-07-14T07:18:18.000Z</time></trkpt>
      <trkpt lat="49.2276012897491455078125" lon="20.0961491279304027557373046875"><ele>1127.199951171875</ele><time>2025-07-14T07:19:05.000Z</time></trkpt>
      <trkpt lat="49.22718479298055171966552734375" lon="20.096063800156116485595703125"><ele>1129.5999755859375</ele><time>2025-07-14T07:19:37.000Z</time></trkpt>
      <trkpt lat="49.22686024568974971771240234375" lon="20.0960676558315753936767578125"><ele>1132</ele><time>2025-07-14T07:20:04.000Z</time></trkpt>
      <trkpt lat="49.22642321325838565826416015625" lon="20.0960622914135456085205078125"><ele>1134.5999755859375</ele><time>2025-07-14T07:20:37.000Z</time></trkpt>
      <trkpt lat="49.2261175252497196197509765625" lon="20.09601183235645294189453125"><ele>1136.800048828125</ele><time>2025-07-14T07:21:04.000Z</time></trkpt>
      <trkpt lat="49.2257277667522430419921875" lon="20.09580320678651332855224609375"><ele>1139.199951171875</ele><time>2025-07-14T07:21:34.000Z</time></trkpt>
      <trkpt lat="49.225339852273464202880859375" lon="20.0956790708005428314208984375"><ele>1142</ele><time>2025-07-14T07:22:05.000Z</time></trkpt>
      <trkpt lat="49.2248987965285778045654296875" lon="20.09556650184094905853271484375"><ele>1145.4000244140625</ele><time>2025-07-14T07:22:41.000Z</time></trkpt>
      <trkpt lat="49.22466938383877277374267578125" lon="20.09551503695547580718994140625"><ele>1148.4000244140625</ele><time>2025-07-14T07:23:02.000Z</time></trkpt>
      <trkpt lat="49.2242604307830333709716796875" lon="20.09558343328535556793212890625"><ele>1150.199951171875</ele><time>2025-07-14T07:23:31.000Z</time></trkpt>
      <trkpt lat="49.2238410003483295440673828125" lon="20.0956638157367706298828125"><ele>1152.5999755859375</ele><time>2025-07-14T07:24:00.000Z</time></trkpt>
      <trkpt lat="49.22337957657873630523681640625" lon="20.0957488082349300384521484375"><ele>1156.4000244140625</ele><time>2025-07-14T07:24:38.000Z</time></trkpt>
      <trkpt lat="49.2230562865734100341796875" lon="20.09582097642123699188232421875"><ele>1159.199951171875</ele><time>2025-07-14T07:25:05.000Z</time></trkpt>
      <trkpt lat="49.22253082506358623504638671875" lon="20.0957303680479526519775390625"><ele>1162.800048828125</ele><time>2025-07-14T07:25:42.000Z</time></trkpt>
      <trkpt lat="49.2223131470382213592529296875" lon="20.09564571082592010498046875"><ele>1164.4000244140625</ele><time>2025-07-14T07:26:02.000Z</time></trkpt>
      <trkpt lat="49.22190628945827484130859375" lon="20.09575710631906986236572265625"><ele>1166.800048828125</ele><time>2025-07-14T07:26:37.000Z</time></trkpt>
      <trkpt lat="49.221658520400524139404296875" lon="20.0953940860927104949951171875"><ele>1169.800048828125</ele><time>2025-07-14T07:27:12.000Z</time></trkpt>
      <trkpt lat="49.22144738025963306427001953125" lon="20.09487926959991455078125"><ele>1174.800048828125</ele><time>2025-07-14T07:27:50.000Z</time></trkpt>
      <trkpt lat="49.22130656428635120391845703125" lon="20.09459386579692363739013671875"><ele>1178.199951171875</ele><time>2025-07-14T07:28:13.000Z</time></trkpt>
      <trkpt lat="49.2211480624973773956298828125" lon="20.09428155608475208282470703125"><ele>1182</ele><time>2025-07-14T07:28:43.000Z</time></trkpt>
      <trkpt lat="49.221044965088367462158203125" lon="20.09405088610947132110595703125"><ele>1185.4000244140625</ele><time>2025-07-14T07:29:03.000Z</time></trkpt>
      <trkpt lat="49.22095268033444881439208984375" lon="20.09368208236992359161376953125"><ele>1191</ele><time>2025-07-14T07:29:36.000Z</time></trkpt>
      <trkpt lat="49.22085125930607318878173828125" lon="20.09337597526609897613525390625"><ele>1195.5999755859375</ele><time>2025-07-14T07:29:59.000Z</time></trkpt>
      <trkpt lat="49.2206129617989063262939453125" lon="20.093110688030719757080078125"><ele>1200</ele><time>2025-07-14T07:30:37.000Z</time></trkpt>
      <trkpt lat="49.220454208552837371826171875" lon="20.09283634833991527557373046875"><ele>1206.199951171875</ele><time>2025-07-14T07:31:10.000Z</time></trkpt>
      <trkpt lat="49.22026938758790493011474609375" lon="20.09258137084543704986572265625"><ele>1213.800048828125</ele><time>2025-07-14T07:31:38.000Z</time></trkpt>
      <trkpt lat="49.220137037336826324462890625" lon="20.09223301894962787628173828125"><ele>1220</ele><time>2025-07-14T07:32:07.000Z</time></trkpt>
      <trkpt lat="49.22011968679726123809814453125" lon="20.09170697070658206939697265625"><ele>1226</ele><time>2025-07-14T07:32:45.000Z</time></trkpt>
      <trkpt lat="49.21992170624434947967529296875" lon="20.09141159243881702423095703125"><ele>1230</ele><time>2025-07-14T07:33:15.000Z</time></trkpt>
      <trkpt lat="49.219819866120815277099609375" lon="20.09103155694901943206787109375"><ele>1234.4000244140625</ele><time>2025-07-14T07:33:45.000Z</time></trkpt>
      <trkpt lat="49.21975842677056789398193359375" lon="20.09066409431397914886474609375"><ele>1239.800048828125</ele><time>2025-07-14T07:34:14.000Z</time></trkpt>
      <trkpt lat="49.219585172832012176513671875" lon="20.0901828892529010772705078125"><ele>1244</ele><time>2025-07-14T07:34:49.000Z</time></trkpt>
      <trkpt lat="49.21952356584370136260986328125" lon="20.08979002945125102996826171875"><ele>1249</ele><time>2025-07-14T07:35:22.000Z</time></trkpt>
      <trkpt lat="49.21945332549512386322021484375" lon="20.08944586850702762603759765625"><ele>1253.199951171875</ele><time>2025-07-14T07:35:47.000Z</time></trkpt>
      <trkpt lat="49.219428263604640960693359375" lon="20.08922492153942584991455078125"><ele>1258</ele><time>2025-07-14T07:36:10.000Z</time></trkpt>
      <trkpt lat="49.21924511902034282684326171875" lon="20.0888642482459545135498046875"><ele>1262</ele><time>2025-07-14T07:36:43.000Z</time></trkpt>
      <trkpt lat="49.2189815081655979156494140625" lon="20.08827793411910533905029296875"><ele>1265</ele><time>2025-07-14T07:37:20.000Z</time></trkpt>
      <trkpt lat="49.218800626695156097412109375" lon="20.08766236715018749237060546875"><ele>1268.4000244140625</ele><time>2025-07-14T07:37:55.000Z</time></trkpt>
      <trkpt lat="49.218646399676799774169921875" lon="20.0869850255548954010009765625"><ele>1272.4000244140625</ele><time>2025-07-14T07:38:33.000Z</time></trkpt>
      <trkpt lat="49.218572638928890228271484375" lon="20.08658428676426410675048828125"><ele>1274.800048828125</ele><time>2025-07-14T07:38:55.000Z</time></trkpt>
      <trkpt lat="49.2184098623692989349365234375" lon="20.08623358793556690216064453125"><ele>1277.199951171875</ele><time>2025-07-14T07:39:19.000Z</time></trkpt>
      <trkpt lat="49.2181516997516155242919921875" lon="20.08590585552155971527099609375"><ele>1279.800048828125</ele><time>2025-07-14T07:39:45.000Z</time></trkpt>
      <trkpt lat="49.21790300868451595306396484375" lon="20.08570586331188678741455078125"><ele>1282</ele><time>2025-07-14T07:40:07.000Z</time></trkpt>
      <trkpt lat="49.217749200761318206787109375" lon="20.08518551476299762725830078125"><ele>1284.800048828125</ele><time>2025-07-14T07:40:37.000Z</time></trkpt>
      <trkpt lat="49.21754744835197925567626953125" lon="20.084989964962005615234375"><ele>1286.199951171875</ele><time>2025-07-14T07:41:20.000Z</time></trkpt>
      <trkpt lat="49.2173109948635101318359375" lon="20.0845847837626934051513671875"><ele>1289.199951171875</ele><time>2025-07-14T07:41:52.000Z</time></trkpt>
      <trkpt lat="49.217071272432804107666015625" lon="20.0842696242034435272216796875"><ele>1292</ele><time>2025-07-14T07:42:17.000Z</time></trkpt>
      <trkpt lat="49.21674513258039951324462890625" lon="20.08397248573601245880126953125"><ele>1293.800048828125</ele><time>2025-07-14T07:42:46.000Z</time></trkpt>
      <trkpt lat="49.21650339849293231964111328125" lon="20.083653219044208526611328125"><ele>1296.199951171875</ele><time>2025-07-14T07:43:12.000Z</time></trkpt>
      <trkpt lat="49.21622134745121002197265625" lon="20.0832916237413883209228515625"><ele>1299</ele><time>2025-07-14T07:43:44.000Z</time></trkpt>
      <trkpt lat="49.21596745960414409637451171875" lon="20.0828845985233783721923828125"><ele>1301.199951171875</ele><time>2025-07-14T07:44:12.000Z</time></trkpt>
      <trkpt lat="49.215653054416179656982421875" lon="20.082509256899356842041015625"><ele>1304.199951171875</ele><time>2025-07-14T07:44:43.000Z</time></trkpt>
      <trkpt lat="49.21531140804290771484375" lon="20.082039870321750640869140625"><ele>1307.199951171875</ele><time>2025-07-14T07:45:19.000Z</time></trkpt>
      <trkpt lat="49.2149109207093715667724609375" lon="20.08177927695214748382568359375"><ele>1310</ele><time>2025-07-14T07:45:54.000Z</time></trkpt>
      <trkpt lat="49.21468368731439113616943359375" lon="20.08152983151376247406005859375"><ele>1311.800048828125</ele><time>2025-07-14T07:46:15.000Z</time></trkpt>
      <trkpt lat="49.21442736871540546417236328125" lon="20.081269405782222747802734375"><ele>1314.4000244140625</ele><time>2025-07-14T07:46:41.000Z</time></trkpt>
      <trkpt lat="49.21411153860390186309814453125" lon="20.0806898809969425201416015625"><ele>1316.5999755859375</ele><time>2025-07-14T07:47:23.000Z</time></trkpt>
      <trkpt lat="49.2138397134840488433837890625" lon="20.08031646721065044403076171875"><ele>1318.199951171875</ele><time>2025-07-14T07:47:54.000Z</time></trkpt>
      <trkpt lat="49.21347786672413349151611328125" lon="20.07992385886609554290771484375"><ele>1320.199951171875</ele><time>2025-07-14T07:48:30.000Z</time></trkpt>
      <trkpt lat="49.21317745931446552276611328125" lon="20.07968011312186717987060546875"><ele>1322.800048828125</ele><time>2025-07-14T07:48:58.000Z</time></trkpt>
      <trkpt lat="49.21296053566038608551025390625" lon="20.07958791218698024749755859375"><ele>1324.199951171875</ele><time>2025-07-14T07:49:17.000Z</time></trkpt>
      <trkpt lat="49.21258016489446163177490234375" lon="20.07932187058031558990478515625"><ele>1327.800048828125</ele><time>2025-07-14T07:49:54.000Z</time></trkpt>
      <trkpt lat="49.21212083660066127777099609375" lon="20.07895055226981639862060546875"><ele>1331.4000244140625</ele><time>2025-07-14T07:50:36.000Z</time></trkpt>
      <trkpt lat="49.21200986020267009735107421875" lon="20.07852248847484588623046875"><ele>1333</ele><time>2025-07-14T07:51:00.000Z</time></trkpt>
      <trkpt lat="49.21184322796761989593505859375" lon="20.07815477438271045684814453125"><ele>1335</ele><time>2025-07-14T07:51:23.000Z</time></trkpt>
      <trkpt lat="49.2116610892117023468017578125" lon="20.0778232701122760772705078125"><ele>1337.199951171875</ele><time>2025-07-14T07:51:46.000Z</time></trkpt>
      <trkpt lat="49.21118156053125858306884765625" lon="20.0773367844521999359130859375"><ele>1341</ele><time>2025-07-14T07:52:33.000Z</time></trkpt>
      <trkpt lat="49.21076632104814052581787109375" lon="20.077173672616481781005859375"><ele>1344.4000244140625</ele><time>2025-07-14T07:53:07.000Z</time></trkpt>
      <trkpt lat="49.21045518480241298675537109375" lon="20.0768335349857807159423828125"><ele>1347</ele><time>2025-07-14T07:53:36.000Z</time></trkpt>
      <trkpt lat="49.2101858742535114288330078125" lon="20.0764318741858005523681640625"><ele>1349.800048828125</ele><time>2025-07-14T07:54:07.000Z</time></trkpt>
      <trkpt lat="49.20996618457138538360595703125" lon="20.07599391974508762359619140625"><ele>1352.199951171875</ele><time>2025-07-14T07:54:37.000Z</time></trkpt>
      <trkpt lat="49.209623448550701141357421875" lon="20.07583893835544586181640625"><ele>1355</ele><time>2025-07-14T07:55:02.000Z</time></trkpt>
      <trkpt lat="49.209371991455554962158203125" lon="20.07561924867331981658935546875"><ele>1357.800048828125</ele><time>2025-07-14T07:55:26.000Z</time></trkpt>
      <trkpt lat="49.20906110666692256927490234375" lon="20.07549938745796680450439453125"><ele>1361</ele><time>2025-07-14T07:55:56.000Z</time></trkpt>
      <trkpt lat="49.20863681472837924957275390625" lon="20.07561338134109973907470703125"><ele>1365.199951171875</ele><time>2025-07-14T07:56:31.000Z</time></trkpt>
      <trkpt lat="49.20828544534742832183837890625" lon="20.0755108706653118133544921875"><ele>1368.800048828125</ele><time>2025-07-14T07:56:59.000Z</time></trkpt>
      <trkpt lat="49.20801370404660701751708984375" lon="20.07507316768169403076171875"><ele>1372.4000244140625</ele><time>2025-07-14T07:57:32.000Z</time></trkpt>
      <trkpt lat="49.207616485655307769775390625" lon="20.0747211277484893798828125"><ele>1375.800048828125</ele><time>2025-07-14T07:58:07.000Z</time></trkpt>
      <trkpt lat="49.20737802051007747650146484375" lon="20.07446271367371082305908203125"><ele>1378</ele><time>2025-07-14T07:58:29.000Z</time></trkpt>
      <trkpt lat="49.207204096019268035888671875" lon="20.0742079876363277435302734375"><ele>1380</ele><time>2025-07-14T07:58:50.000Z</time></trkpt>
      <trkpt lat="49.20682196505367755889892578125" lon="20.07410413585603237152099609375"><ele>1382</ele><time>2025-07-14T07:59:19.000Z</time></trkpt>
      <trkpt lat="49.2065726034343242645263671875" lon="20.07391571067273616790771484375"><ele>1383.5999755859375</ele><time>2025-07-14T07:59:43.000Z</time></trkpt>
      <trkpt lat="49.2061219923198223114013671875" lon="20.07396549917757511138916015625"><ele>1385.5999755859375</ele><time>2025-07-14T08:00:15.000Z</time></trkpt>
      <trkpt lat="49.20562251470983028411865234375" lon="20.0738100148737430572509765625"><ele>1388.4000244140625</ele><time>2025-07-14T08:00:54.000Z</time></trkpt>
      <trkpt lat="49.20499772764742374420166015625" lon="20.07332813926041126251220703125"><ele>1391.5999755859375</ele><time>2025-07-14T08:01:46.000Z</time></trkpt>
      <trkpt lat="49.20449514873325824737548828125" lon="20.07285271771252155303955078125"><ele>1394.800048828125</ele><time>2025-07-14T08:02:32.000Z</time></trkpt>
      <trkpt lat="49.2041036300361156463623046875" lon="20.07237662561237812042236328125"><ele>1397.5999755859375</ele><time>2025-07-14T08:03:12.000Z</time></trkpt>
      <trkpt lat="49.2038655839860439300537109375" lon="20.07110458798706531524658203125"><ele>1399.5999755859375</ele><time>2025-07-14T08:04:16.000Z</time></trkpt>
      <trkpt lat="49.2034350894391536712646484375" lon="20.07056445814669132232666015625"><ele>1401</ele><time>2025-07-14T08:05:00.000Z</time></trkpt>
      <trkpt lat="49.20290459878742694854736328125" lon="20.0703127495944499969482421875"><ele>1403.800048828125</ele><time>2025-07-14T08:05:46.000Z</time></trkpt>
      <trkpt lat="49.20242314226925373077392578125" lon="20.07039112038910388946533203125"><ele>1405.4000244140625</ele><time>2025-07-14T08:06:26.000Z</time></trkpt>
      <trkpt lat="49.20190145261585712432861328125" lon="20.0706114806234836578369140625"><ele>1407.4000244140625</ele><time>2025-07-14T08:07:11.000Z</time></trkpt>
      <trkpt lat="49.2015273682773113250732421875" lon="20.07099864073097705841064453125"><ele>1411</ele><time>2025-07-14T08:07:52.000Z</time></trkpt>
      <trkpt lat="49.2013677768409252166748046875" lon="20.0708206929266452789306640625"><ele>1408.5999755859375</ele><time>2025-07-14T08:08:23.000Z</time></trkpt>
      <trkpt lat="49.20128672383725643157958984375" lon="20.0708840601146221160888671875"><ele>1402.800048828125</ele><time>2025-07-14T08:08:55.000Z</time></trkpt>
      <trkpt lat="49.20111774466931819915771484375" lon="20.07100299932062625885009765625"><ele>1398.5999755859375</ele><time>2025-07-14T08:09:39.000Z</time></trkpt>
      <trkpt lat="49.20109159313142299652099609375" lon="20.0710372813045978546142578125"><ele>1397</ele><time>2025-07-14T08:11:18.000Z</time></trkpt>
      <trkpt lat="49.20102118514478206634521484375" lon="20.07124054245650768280029296875"><ele>1398.800048828125</ele><time>2025-07-14T08:13:10.000Z</time></trkpt>
      <trkpt lat="49.2010455764830112457275390625" lon="20.07128127850592136383056640625"><ele>1398.4000244140625</ele><time>2025-07-14T08:14:47.000Z</time></trkpt>
      <trkpt lat="49.20103845186531543731689453125" lon="20.07127205841243267059326171875"><ele>1397.199951171875</ele><time>2025-07-14T08:17:24.000Z</time></trkpt>
      <trkpt lat="49.20102302916347980499267578125" lon="20.0712783448398113250732421875"><ele>1396.800048828125</ele><time>2025-07-14T08:20:07.000Z</time></trkpt>
      <trkpt lat="49.20101012103259563446044921875" lon="20.0712863914668560028076171875"><ele>1397.4000244140625</ele><time>2025-07-14T08:22:24.000Z</time></trkpt>
      <trkpt lat="49.2010097019374370574951171875" lon="20.0712880678474903106689453125"><ele>1400.199951171875</ele><time>2025-07-14T08:25:13.000Z</time></trkpt>
      <trkpt lat="49.2008678801357746124267578125" lon="20.07159543223679065704345703125"><ele>1400.199951171875</ele><time>2025-07-14T08:26:29.000Z</time></trkpt>
      <trkpt lat="49.20085907913744449615478515625" lon="20.071995668113231658935546875"><ele>1400.5999755859375</ele><time>2025-07-14T08:27:10.000Z</time></trkpt>
      <trkpt lat="49.2009158246219158172607421875" lon="20.0725619494915008544921875"><ele>1401.4000244140625</ele><time>2025-07-14T08:27:56.000Z</time></trkpt>
      <trkpt lat="49.2008341848850250244140625" lon="20.07306595332920551300048828125"><ele>1405.5999755859375</ele><time>2025-07-14T08:28:49.000Z</time></trkpt>
      <trkpt lat="49.20058767311275005340576171875" lon="20.07316343486309051513671875"><ele>1410.199951171875</ele><time>2025-07-14T08:29:19.000Z</time></trkpt>
      <trkpt lat="49.2004377208650112152099609375" lon="20.07333350367844104766845703125"><ele>1413.5999755859375</ele><time>2025-07-14T08:29:44.000Z</time></trkpt>
      <trkpt lat="49.2000410892069339752197265625" lon="20.07350047118961811065673828125"><ele>1412.4000244140625</ele><time>2025-07-14T08:30:27.000Z</time></trkpt>
      <trkpt lat="49.1998801566660404205322265625" lon="20.0735682807862758636474609375"><ele>1409.199951171875</ele><time>2025-07-14T08:31:03.000Z</time></trkpt>
      <trkpt lat="49.19972517527639865875244140625" lon="20.07375259883701801300048828125"><ele>1409.4000244140625</ele><time>2025-07-14T08:31:27.000Z</time></trkpt>
      <trkpt lat="49.19934027828276157379150390625" lon="20.07402081973850727081298828125"><ele>1409.4000244140625</ele><time>2025-07-14T08:32:19.000Z</time></trkpt>
      <trkpt lat="49.19901740737259387969970703125" lon="20.07380775175988674163818359375"><ele>1405.800048828125</ele><time>2025-07-14T08:32:59.000Z</time></trkpt>
      <trkpt lat="49.19873091392219066619873046875" lon="20.07365620695054531097412109375"><ele>1406.199951171875</ele><time>2025-07-14T08:33:37.000Z</time></trkpt>
      <trkpt lat="49.19852823950350284576416015625" lon="20.07367573678493499755859375"><ele>1410</ele><time>2025-07-14T08:34:00.000Z</time></trkpt>
      <trkpt lat="49.19818776659667491912841796875" lon="20.07385485805571079254150390625"><ele>1410</ele><time>2025-07-14T08:34:31.000Z</time></trkpt>
      <trkpt lat="49.1980083100497722625732421875" lon="20.07401294074952602386474609375"><ele>1406.199951171875</ele><time>2025-07-14T08:34:56.000Z</time></trkpt>
      <trkpt lat="49.19764009304344654083251953125" lon="20.0740554369986057281494140625"><ele>1404.4000244140625</ele><time>2025-07-14T08:35:36.000Z</time></trkpt>
      <trkpt lat="49.197390563786029815673828125" lon="20.073843710124492645263671875"><ele>1404.800048828125</ele><time>2025-07-14T08:36:17.000Z</time></trkpt>
      <trkpt lat="49.19708688743412494659423828125" lon="20.0735803507268428802490234375"><ele>1407.4000244140625</ele><time>2025-07-14T08:36:55.000Z</time></trkpt>
      <trkpt lat="49.19675312004983425140380859375" lon="20.0734301470220088958740234375"><ele>1406</ele><time>2025-07-14T08:37:30.000Z</time></trkpt>
      <trkpt lat="49.19648137874901294708251953125" lon="20.07327206432819366455078125"><ele>1405.199951171875</ele><time>2025-07-14T08:38:03.000Z</time></trkpt>
      <trkpt lat="49.19629714451730251312255859375" lon="20.07321431301534175872802734375"><ele>1404.5999755859375</ele><time>2025-07-14T08:39:05.000Z</time></trkpt>
      <trkpt lat="49.19600285589694976806640625" lon="20.07327214814722537994384765625"><ele>1405</ele><time>2025-07-14T08:39:48.000Z</time></trkpt>
      <trkpt lat="49.19563815928995609283447265625" lon="20.073248259723186492919921875"><ele>1405.5999755859375</ele><time>2025-07-14T08:40:23.000Z</time></trkpt>
      <trkpt lat="49.19524018652737140655517578125" lon="20.07279689423739910125732421875"><ele>1405.4000244140625</ele><time>2025-07-14T08:41:15.000Z</time></trkpt>
      <trkpt lat="49.1948922537267208099365234375" lon="20.0726053677499294281005859375"><ele>1404.800048828125</ele><time>2025-07-14T08:41:54.000Z</time></trkpt>
      <trkpt lat="49.1945787705481052398681640625" lon="20.072255171835422515869140625"><ele>1406.800048828125</ele><time>2025-07-14T08:42:32.000Z</time></trkpt>
      <trkpt lat="49.19415749609470367431640625" lon="20.07176122628152370452880859375"><ele>1404</ele><time>2025-07-14T08:43:22.000Z</time></trkpt>
      <trkpt lat="49.193787686526775360107421875" lon="20.07169668562710285186767578125"><ele>1403.5999755859375</ele><time>2025-07-14T08:44:03.000Z</time></trkpt>
      <trkpt lat="49.19364494271576404571533203125" lon="20.07100769318640232086181640625"><ele>1404.199951171875</ele><time>2025-07-14T08:45:01.000Z</time></trkpt>
      <trkpt lat="49.19359532184898853302001953125" lon="20.0704807229340076446533203125"><ele>1406</ele><time>2025-07-14T08:45:45.000Z</time></trkpt>
      <trkpt lat="49.19326775707304477691650390625" lon="20.070448033511638641357421875"><ele>1411.4000244140625</ele><time>2025-07-14T08:46:35.000Z</time></trkpt>
      <trkpt lat="49.19302920810878276824951171875" lon="20.0705360434949398040771484375"><ele>1416</ele><time>2025-07-14T08:47:15.000Z</time></trkpt>
      <trkpt lat="49.1928608156740665435791015625" lon="20.07063771598041057586669921875"><ele>1422.4000244140625</ele><time>2025-07-14T08:47:52.000Z</time></trkpt>
      <trkpt lat="49.19270080514252185821533203125" lon="20.0707782804965972900390625"><ele>1429.4000244140625</ele><time>2025-07-14T08:48:25.000Z</time></trkpt>
      <trkpt lat="49.19247432611882686614990234375" lon="20.07091046310961246490478515625"><ele>1435.800048828125</ele><time>2025-07-14T08:49:09.000Z</time></trkpt>
      <trkpt lat="49.19247834943234920501708984375" lon="20.07090979255735874176025390625"><ele>1435.800048828125</ele><time>2025-07-14T08:50:02.000Z</time></trkpt>
      <trkpt lat="49.19229310937225818634033203125" lon="20.070983804762363433837890625"><ele>1440</ele><time>2025-07-14T08:51:20.000Z</time></trkpt>
      <trkpt lat="49.1921222023665904998779296875" lon="20.07113073952496051788330078125"><ele>1444.5999755859375</ele><time>2025-07-14T08:51:46.000Z</time></trkpt>
      <trkpt lat="49.191972501575946807861328125" lon="20.07122696377336978912353515625"><ele>1450.800048828125</ele><time>2025-07-14T08:52:18.000Z</time></trkpt>
      <trkpt lat="49.1919039376080036163330078125" lon="20.07139728404581546783447265625"><ele>1458.199951171875</ele><time>2025-07-14T08:52:58.000Z</time></trkpt>
      <trkpt lat="49.19177276082336902618408203125" lon="20.071513541042804718017578125"><ele>1464.4000244140625</ele><time>2025-07-14T08:53:30.000Z</time></trkpt>
      <trkpt lat="49.19154024682939052581787109375" lon="20.07151664234697818756103515625"><ele>1472.199951171875</ele><time>2025-07-14T08:54:12.000Z</time></trkpt>
      <trkpt lat="49.19145927764475345611572265625" lon="20.07157229818403720855712890625"><ele>1478.800048828125</ele><time>2025-07-14T08:54:46.000Z</time></trkpt>
      <trkpt lat="49.19143647886812686920166015625" lon="20.07162644527852535247802734375"><ele>1487.4000244140625</ele><time>2025-07-14T08:55:23.000Z</time></trkpt>
      <trkpt lat="49.1914868541061878204345703125" lon="20.0719757191836833953857421875"><ele>1494.5999755859375</ele><time>2025-07-14T08:56:03.000Z</time></trkpt>
      <trkpt lat="49.19141896069049835205078125" lon="20.0722400844097137451171875"><ele>1501.4000244140625</ele><time>2025-07-14T08:56:38.000Z</time></trkpt>
      <trkpt lat="49.1914080642163753509521484375" lon="20.07249950431287288665771484375"><ele>1508</ele><time>2025-07-14T08:57:13.000Z</time></trkpt>
      <trkpt lat="49.191268421709537506103515625" lon="20.07263110019266605377197265625"><ele>1514.5999755859375</ele><time>2025-07-14T08:57:46.000Z</time></trkpt>
      <trkpt lat="49.19116624630987644195556640625" lon="20.072693042457103729248046875"><ele>1521.199951171875</ele><time>2025-07-14T08:58:25.000Z</time></trkpt>
      <trkpt lat="49.1909484006464481353759765625" lon="20.07267703302204608917236328125"><ele>1529.5999755859375</ele><time>2025-07-14T08:59:08.000Z</time></trkpt>
      <trkpt lat="49.19081655330955982208251953125" lon="20.0726905278861522674560546875"><ele>1537.5999755859375</ele><time>2025-07-14T08:59:43.000Z</time></trkpt>
      <trkpt lat="49.19077933765947818756103515625" lon="20.07275708019733428955078125"><ele>1545.4000244140625</ele><time>2025-07-14T09:00:25.000Z</time></trkpt>
      <trkpt lat="49.1906899027526378631591796875" lon="20.0729671306908130645751953125"><ele>1553</ele><time>2025-07-14T09:01:07.000Z</time></trkpt>
      <trkpt lat="49.1905881464481353759765625" lon="20.0730589963495731353759765625"><ele>1560.5999755859375</ele><time>2025-07-14T09:01:44.000Z</time></trkpt>
      <trkpt lat="49.19044992886483669281005859375" lon="20.07306016981601715087890625"><ele>1566.800048828125</ele><time>2025-07-14T09:02:16.000Z</time></trkpt>
      <trkpt lat="49.1904404573142528533935546875" lon="20.07302798330783843994140625"><ele>1567</ele><time>2025-07-14T09:03:24.000Z</time></trkpt>
      <trkpt lat="49.19045470654964447021484375" lon="20.07305388338863849639892578125"><ele>1567.5999755859375</ele><time>2025-07-14T09:05:02.000Z</time></trkpt>
      <trkpt lat="49.19051547534763813018798828125" lon="20.073161423206329345703125"><ele>1570.4000244140625</ele><time>2025-07-14T09:08:31.000Z</time></trkpt>
      <trkpt lat="49.19051346369087696075439453125" lon="20.0733050890266895294189453125"><ele>1575.800048828125</ele><time>2025-07-14T09:09:01.000Z</time></trkpt>
      <trkpt lat="49.19049435295164585113525390625" lon="20.07343525998294353485107421875"><ele>1581</ele><time>2025-07-14T09:09:31.000Z</time></trkpt>
      <trkpt lat="49.19039242900907993316650390625" lon="20.07358730770647525787353515625"><ele>1587.4000244140625</ele><time>2025-07-14T09:10:07.000Z</time></trkpt>
      <trkpt lat="49.19039301574230194091796875" lon="20.07381965406239032745361328125"><ele>1589</ele><time>2025-07-14T09:10:49.000Z</time></trkpt>
      <trkpt lat="49.19042930938303470611572265625" lon="20.073964409530162811279296875"><ele>1584.4000244140625</ele><time>2025-07-14T09:11:43.000Z</time></trkpt>
      <trkpt lat="49.19076441787183284759521484375" lon="20.0747357122600078582763671875"><ele>1584.5999755859375</ele><time>2025-07-14T09:12:58.000Z</time></trkpt>
      <trkpt lat="49.1910979337990283966064453125" lon="20.07533468306064605712890625"><ele>1584.800048828125</ele><time>2025-07-14T09:14:00.000Z</time></trkpt>
      <trkpt lat="49.19125945307314395904541015625" lon="20.076121576130390167236328125"><ele>1585.4000244140625</ele><time>2025-07-14T09:14:52.000Z</time></trkpt>
      <trkpt lat="49.1912565194070339202880859375" lon="20.07647956721484661102294921875"><ele>1586.4000244140625</ele><time>2025-07-14T09:15:24.000Z</time></trkpt>
      <trkpt lat="49.1911425255239009857177734375" lon="20.07663555443286895751953125"><ele>1583.800048828125</ele><time>2025-07-14T09:16:26.000Z</time></trkpt>
      <trkpt lat="49.191150404512882232666015625" lon="20.076639913022518157958984375"><ele>1583.199951171875</ele><time>2025-07-14T09:17:25.000Z</time></trkpt>
      <trkpt lat="49.19108326546847820281982421875" lon="20.0770434178411960601806640625"><ele>1586.5999755859375</ele><time>2025-07-14T09:18:48.000Z</time></trkpt>
      <trkpt lat="49.19093356467783451080322265625" lon="20.0774152390658855438232421875"><ele>1589.5999755859375</ele><time>2025-07-14T09:19:30.000Z</time></trkpt>
      <trkpt lat="49.1907331533730030059814453125" lon="20.077687986195087432861328125"><ele>1584.800048828125</ele><time>2025-07-14T09:20:12.000Z</time></trkpt>
      <trkpt lat="49.19048731215298175811767578125" lon="20.077853612601757049560546875"><ele>1587</ele><time>2025-07-14T09:20:44.000Z</time></trkpt>
      <trkpt lat="49.190315902233123779296875" lon="20.0782079994678497314453125"><ele>1588.4000244140625</ele><time>2025-07-14T09:21:26.000Z</time></trkpt>
      <trkpt lat="49.18987057171761989593505859375" lon="20.0785558484494686126708984375"><ele>1585.800048828125</ele><time>2025-07-14T09:22:21.000Z</time></trkpt>
      <trkpt lat="49.1895868442952632904052734375" lon="20.0789233110845088958740234375"><ele>1586</ele><time>2025-07-14T09:23:01.000Z</time></trkpt>
      <trkpt lat="49.18933195061981678009033203125" lon="20.07915322668850421905517578125"><ele>1585.800048828125</ele><time>2025-07-14T09:23:39.000Z</time></trkpt>
      <trkpt lat="49.18906523846089839935302734375" lon="20.07926252670586109161376953125"><ele>1585.4000244140625</ele><time>2025-07-14T09:24:29.000Z</time></trkpt>
      <trkpt lat="49.18863055296242237091064453125" lon="20.07943552918732166290283203125"><ele>1585</ele><time>2025-07-14T09:25:17.000Z</time></trkpt>
      <trkpt lat="49.18823878280818462371826171875" lon="20.0795633532106876373291015625"><ele>1588.199951171875</ele><time>2025-07-14T09:26:07.000Z</time></trkpt>
      <trkpt lat="49.1878816299140453338623046875" lon="20.079687573015689849853515625"><ele>1586.199951171875</ele><time>2025-07-14T09:26:47.000Z</time></trkpt>
      <trkpt lat="49.18759287334978580474853515625" lon="20.0794332660734653472900390625"><ele>1586</ele><time>2025-07-14T09:27:30.000Z</time></trkpt>
      <trkpt lat="49.18712675571441650390625" lon="20.079204775393009185791015625"><ele>1586.199951171875</ele><time>2025-07-14T09:28:15.000Z</time></trkpt>
      <trkpt lat="49.18686331249773502349853515625" lon="20.07903923280537128448486328125"><ele>1586.4000244140625</ele><time>2025-07-14T09:28:52.000Z</time></trkpt>
      <trkpt lat="49.18665812350809574127197265625" lon="20.07902649231255054473876953125"><ele>1590.5999755859375</ele><time>2025-07-14T09:29:22.000Z</time></trkpt>
      <trkpt lat="49.18633240275084972381591796875" lon="20.07906831800937652587890625"><ele>1594</ele><time>2025-07-14T09:30:23.000Z</time></trkpt>
      <trkpt lat="49.18609687127172946929931640625" lon="20.0790716707706451416015625"><ele>1597.800048828125</ele><time>2025-07-14T09:31:00.000Z</time></trkpt>
      <trkpt lat="49.1858776845037937164306640625" lon="20.079035796225070953369140625"><ele>1604.4000244140625</ele><time>2025-07-14T09:31:35.000Z</time></trkpt>
      <trkpt lat="49.18576377443969249725341796875" lon="20.0791023485362529754638671875"><ele>1611</ele><time>2025-07-14T09:32:22.000Z</time></trkpt>
      <trkpt lat="49.1854947991669178009033203125" lon="20.07911684922873973846435546875"><ele>1617.800048828125</ele><time>2025-07-14T09:33:15.000Z</time></trkpt>
      <trkpt lat="49.18544777669012546539306640625" lon="20.0792485289275646209716796875"><ele>1626.199951171875</ele><time>2025-07-14T09:33:59.000Z</time></trkpt>
      <trkpt lat="49.18519011698663234710693359375" lon="20.07934726774692535400390625"><ele>1637.4000244140625</ele><time>2025-07-14T09:34:57.000Z</time></trkpt>
      <trkpt lat="49.185049049556255340576171875" lon="20.07940937764942646026611328125"><ele>1644.800048828125</ele><time>2025-07-14T09:35:37.000Z</time></trkpt>
      <trkpt lat="49.1850284300744533538818359375" lon="20.079344250261783599853515625"><ele>1650.4000244140625</ele><time>2025-07-14T09:36:40.000Z</time></trkpt>
      <trkpt lat="49.18487026356160640716552734375" lon="20.07952370680868625640869140625"><ele>1658.4000244140625</ele><time>2025-07-14T09:37:18.000Z</time></trkpt>
      <trkpt lat="49.18474470265209674835205078125" lon="20.07965949364006519317626953125"><ele>1665</ele><time>2025-07-14T09:37:53.000Z</time></trkpt>
      <trkpt lat="49.184607826173305511474609375" lon="20.07969687692821025848388671875"><ele>1673.199951171875</ele><time>2025-07-14T09:38:32.000Z</time></trkpt>
      <trkpt lat="49.18454848229885101318359375" lon="20.0796384550631046295166015625"><ele>1678.800048828125</ele><time>2025-07-14T09:39:08.000Z</time></trkpt>
      <trkpt lat="49.1845074109733104705810546875" lon="20.07958338595926761627197265625"><ele>1685</ele><time>2025-07-14T09:39:43.000Z</time></trkpt>
      <trkpt lat="49.18440372683107852935791015625" lon="20.0795271433889865875244140625"><ele>1691.800048828125</ele><time>2025-07-14T09:40:20.000Z</time></trkpt>
      <trkpt lat="49.18432577513158321380615234375" lon="20.07950040511786937713623046875"><ele>1698.5999755859375</ele><time>2025-07-14T09:40:54.000Z</time></trkpt>
      <trkpt lat="49.18425452895462512969970703125" lon="20.07939110510051250457763671875"><ele>1706.4000244140625</ele><time>2025-07-14T09:41:50.000Z</time></trkpt>
      <trkpt lat="49.18405755423009395599365234375" lon="20.07927157916128635406494140625"><ele>1714.199951171875</ele><time>2025-07-14T09:42:41.000Z</time></trkpt>
      <trkpt lat="49.18403492309153079986572265625" lon="20.07931684143841266632080078125"><ele>1719.5999755859375</ele><time>2025-07-14T09:43:14.000Z</time></trkpt>
      <trkpt lat="49.18393903411924839019775390625" lon="20.07931583561003208160400390625"><ele>1727.4000244140625</ele><time>2025-07-14T09:44:04.000Z</time></trkpt>
      <trkpt lat="49.1837215237319469451904296875" lon="20.07915892638266086578369140625"><ele>1738.4000244140625</ele><time>2025-07-14T09:45:06.000Z</time></trkpt>
      <trkpt lat="49.18349680490791797637939453125" lon="20.0788307748734951019287109375"><ele>1747.800048828125</ele><time>2025-07-14T09:46:24.000Z</time></trkpt>
      <trkpt lat="49.1833265684545040130615234375" lon="20.0787063874304294586181640625"><ele>1755.4000244140625</ele><time>2025-07-14T09:47:04.000Z</time></trkpt>
      <trkpt lat="49.18327367864549160003662109375" lon="20.0785239972174167633056640625"><ele>1761.4000244140625</ele><time>2025-07-14T09:47:38.000Z</time></trkpt>
      <trkpt lat="49.183150045573711395263671875" lon="20.07832626812160015106201171875"><ele>1767.5999755859375</ele><time>2025-07-14T09:48:12.000Z</time></trkpt>
      <trkpt lat="49.18319530785083770751953125" lon="20.07835619151592254638671875"><ele>1767.4000244140625</ele><time>2025-07-14T09:48:53.000Z</time></trkpt>
      <trkpt lat="49.183272421360015869140625" lon="20.07838209159672260284423828125"><ele>1767.4000244140625</ele><time>2025-07-14T09:49:55.000Z</time></trkpt>
      <trkpt lat="49.1833247244358062744140625" lon="20.0783716142177581787109375"><ele>1767.5999755859375</ele><time>2025-07-14T09:51:01.000Z</time></trkpt>
      <trkpt lat="49.18343628756701946258544921875" lon="20.07835778407752513885498046875"><ele>1769</ele><time>2025-07-14T09:52:21.000Z</time></trkpt>
      <trkpt lat="49.18344047851860523223876953125" lon="20.078297518193721771240234375"><ele>1769.5999755859375</ele><time>2025-07-14T09:53:01.000Z</time></trkpt>
      <trkpt lat="49.1833932884037494659423828125" lon="20.07825803942978382110595703125"><ele>1771.5999755859375</ele><time>2025-07-14T09:54:07.000Z</time></trkpt>
      <trkpt lat="49.18319405056536197662353515625" lon="20.07831822149455547332763671875"><ele>1772.4000244140625</ele><time>2025-07-14T09:55:20.000Z</time></trkpt>
      <trkpt lat="49.1831840761005878448486328125" lon="20.0783275254070758819580078125"><ele>1771.800048828125</ele><time>2025-07-14T09:56:30.000Z</time></trkpt>
      <trkpt lat="49.18317058123648166656494140625" lon="20.0783603824675083160400390625"><ele>1771.199951171875</ele><time>2025-07-14T09:57:10.000Z</time></trkpt>
      <trkpt lat="49.18316002003848552703857421875" lon="20.07835962809622287750244140625"><ele>1770.4000244140625</ele><time>2025-07-14T09:58:20.000Z</time></trkpt>
      <trkpt lat="49.18305851519107818603515625" lon="20.0783245079219341278076171875"><ele>1768.5999755859375</ele><time>2025-07-14T10:00:18.000Z</time></trkpt>
      <trkpt lat="49.18288073502480983734130859375" lon="20.07841788232326507568359375"><ele>1768</ele><time>2025-07-14T10:02:13.000Z</time></trkpt>
      <trkpt lat="49.18295147828757762908935546875" lon="20.07846356369554996490478515625"><ele>1772</ele><time>2025-07-14T10:03:33.000Z</time></trkpt>
      <trkpt lat="49.18292750604450702667236328125" lon="20.07843389175832271575927734375"><ele>1777.199951171875</ele><time>2025-07-14T10:04:03.000Z</time></trkpt>
      <trkpt lat="49.18287050910294055938720703125" lon="20.07841528393328189849853515625"><ele>1782.199951171875</ele><time>2025-07-14T10:04:22.000Z</time></trkpt>
      <trkpt lat="49.18288492597639560699462890625" lon="20.07844529114663600921630859375"><ele>1787.4000244140625</ele><time>2025-07-14T10:04:54.000Z</time></trkpt>
      <trkpt lat="49.182792641222476959228515625" lon="20.07839801721274852752685546875"><ele>1792.4000244140625</ele><time>2025-07-14T10:05:19.000Z</time></trkpt>
      <trkpt lat="49.1826697625219821929931640625" lon="20.0782829336822032928466796875"><ele>1797.800048828125</ele><time>2025-07-14T10:05:50.000Z</time></trkpt>
      <trkpt lat="49.182508327066898345947265625" lon="20.0782214105129241943359375"><ele>1802.4000244140625</ele><time>2025-07-14T10:06:30.000Z</time></trkpt>
      <trkpt lat="49.1824662499129772186279296875" lon="20.07814890705049037933349609375"><ele>1808.800048828125</ele><time>2025-07-14T10:07:04.000Z</time></trkpt>
      <trkpt lat="49.18234244920313358306884765625" lon="20.078134573996067047119140625"><ele>1814</ele><time>2025-07-14T10:07:37.000Z</time></trkpt>
      <trkpt lat="49.18224991299211978912353515625" lon="20.0781437940895557403564453125"><ele>1819.199951171875</ele><time>2025-07-14T10:08:10.000Z</time></trkpt>
      <trkpt lat="49.1821567900478839874267578125" lon="20.0781337358057498931884765625"><ele>1823.5999755859375</ele><time>2025-07-14T10:08:38.000Z</time></trkpt>
      <trkpt lat="49.182065092027187347412109375" lon="20.07813625037670135498046875"><ele>1827.800048828125</ele><time>2025-07-14T10:09:06.000Z</time></trkpt>
      <trkpt lat="49.18200172483921051025390625" lon="20.07808134891092777252197265625"><ele>1832</ele><time>2025-07-14T10:09:28.000Z</time></trkpt>
      <trkpt lat="49.18203533627092838287353515625" lon="20.07812543772161006927490234375"><ele>1835.199951171875</ele><time>2025-07-14T10:09:54.000Z</time></trkpt>
      <trkpt lat="49.18198429048061370849609375" lon="20.07812418043613433837890625"><ele>1839.5999755859375</ele><time>2025-07-14T10:10:22.000Z</time></trkpt>
      <trkpt lat="49.1819219291210174560546875" lon="20.078062824904918670654296875"><ele>1843.199951171875</ele><time>2025-07-14T10:10:52.000Z</time></trkpt>
      <trkpt lat="49.1818875633180141448974609375" lon="20.0781141221523284912109375"><ele>1846.5999755859375</ele><time>2025-07-14T10:11:13.000Z</time></trkpt>
      <trkpt lat="49.181772060692310333251953125" lon="20.07803239859640598297119140625"><ele>1850.5999755859375</ele><time>2025-07-14T10:11:40.000Z</time></trkpt>
      <trkpt lat="49.18179879896342754364013671875" lon="20.07805754430592060089111328125"><ele>1855.4000244140625</ele><time>2025-07-14T10:12:18.000Z</time></trkpt>
      <trkpt lat="49.18172285892069339752197265625" lon="20.07810599170625209808349609375"><ele>1861.199951171875</ele><time>2025-07-14T10:13:00.000Z</time></trkpt>
      <trkpt lat="49.18156242929399013519287109375" lon="20.0780717097222805023193359375"><ele>1867.5999755859375</ele><time>2025-07-14T10:13:33.000Z</time></trkpt>
      <trkpt lat="49.18156854808330535888671875" lon="20.07810666225850582122802734375"><ele>1870.800048828125</ele><time>2025-07-14T10:14:08.000Z</time></trkpt>
      <trkpt lat="49.18154180981218814849853515625" lon="20.07814052514731884002685546875"><ele>1874.5999755859375</ele><time>2025-07-14T10:14:38.000Z</time></trkpt>
      <trkpt lat="49.18149478733539581298828125" lon="20.07825803942978382110595703125"><ele>1880.800048828125</ele><time>2025-07-14T10:15:15.000Z</time></trkpt>
      <trkpt lat="49.18148481287062168121337890625" lon="20.0783821754157543182373046875"><ele>1886.199951171875</ele><time>2025-07-14T10:15:48.000Z</time></trkpt>
      <trkpt lat="49.18144114315509796142578125" lon="20.0784324668347835540771484375"><ele>1890.4000244140625</ele><time>2025-07-14T10:16:28.000Z</time></trkpt>
      <trkpt lat="49.181378446519374847412109375" lon="20.078512765467166900634765625"><ele>1895.800048828125</ele><time>2025-07-14T10:17:13.000Z</time></trkpt>
      <trkpt lat="49.18129764497280120849609375" lon="20.07844998501241207122802734375"><ele>1899.5999755859375</ele><time>2025-07-14T10:17:57.000Z</time></trkpt>
      <trkpt lat="49.181180633604526519775390625" lon="20.0783949159085750579833984375"><ele>1905.5999755859375</ele><time>2025-07-14T10:18:36.000Z</time></trkpt>
      <trkpt lat="49.1811633668839931488037109375" lon="20.07844872772693634033203125"><ele>1911</ele><time>2025-07-14T10:19:10.000Z</time></trkpt>
      <trkpt lat="49.18113662861287593841552734375" lon="20.07851670496165752410888671875"><ele>1915.4000244140625</ele><time>2025-07-14T10:19:42.000Z</time></trkpt>
      <trkpt lat="49.18118624947965145111083984375" lon="20.07851921953260898590087890625"><ele>1917.4000244140625</ele><time>2025-07-14T10:20:14.000Z</time></trkpt>
      <trkpt lat="49.181074686348438262939453125" lon="20.07863975130021572113037109375"><ele>1925</ele><time>2025-07-14T10:20:57.000Z</time></trkpt>
      <trkpt lat="49.1810502111911773681640625" lon="20.078650899231433868408203125"><ele>1930</ele><time>2025-07-14T10:21:36.000Z</time></trkpt>
      <trkpt lat="49.1808800585567951202392578125" lon="20.078783668577671051025390625"><ele>1936</ele><time>2025-07-14T10:22:06.000Z</time></trkpt>
      <trkpt lat="49.1808302700519561767578125" lon="20.07888467051088809967041015625"><ele>1941.5999755859375</ele><time>2025-07-14T10:23:08.000Z</time></trkpt>
      <trkpt lat="49.180887602269649505615234375" lon="20.079046189785003662109375"><ele>1947</ele><time>2025-07-14T10:23:43.000Z</time></trkpt>
      <trkpt lat="49.18087779544293880462646484375" lon="20.07917367853224277496337890625"><ele>1955.4000244140625</ele><time>2025-07-14T10:24:39.000Z</time></trkpt>
      <trkpt lat="49.18086178600788116455078125" lon="20.07941323332488536834716796875"><ele>1962.199951171875</ele><time>2025-07-14T10:25:20.000Z</time></trkpt>
      <trkpt lat="49.18080990202724933624267578125" lon="20.0794942863285541534423828125"><ele>1969.5999755859375</ele><time>2025-07-14T10:26:18.000Z</time></trkpt>
      <trkpt lat="49.18068400584161281585693359375" lon="20.0795995630323886871337890625"><ele>1976.199951171875</ele><time>2025-07-14T10:26:56.000Z</time></trkpt>
      <trkpt lat="49.18076388537883758544921875" lon="20.0797336734831333160400390625"><ele>1980.800048828125</ele><time>2025-07-14T10:27:34.000Z</time></trkpt>
      <trkpt lat="49.180735386908054351806640625" lon="20.07977952249348163604736328125"><ele>1987.5999755859375</ele><time>2025-07-14T10:28:15.000Z</time></trkpt>
      <trkpt lat="49.1806879453361034393310546875" lon="20.0799687020480632781982421875"><ele>1998.199951171875</ele><time>2025-07-14T10:29:28.000Z</time></trkpt>
      <trkpt lat="49.1807865165174007415771484375" lon="20.08031680248677730560302734375"><ele>2006.199951171875</ele><time>2025-07-14T10:30:29.000Z</time></trkpt>
      <trkpt lat="49.1808083094656467437744140625" lon="20.08041420020163059234619140625"><ele>2011</ele><time>2025-07-14T10:31:30.000Z</time></trkpt>
      <trkpt lat="49.18088751845061779022216796875" lon="20.080672614276409149169921875"><ele>2019.5999755859375</ele><time>2025-07-14T10:32:30.000Z</time></trkpt>
      <trkpt lat="49.18101358227431774139404296875" lon="20.08097402751445770263671875"><ele>2030.4000244140625</ele><time>2025-07-14T10:33:47.000Z</time></trkpt>
      <trkpt lat="49.181092791259288787841796875" lon="20.0813775323331356048583984375"><ele>2037.800048828125</ele><time>2025-07-14T10:35:01.000Z</time></trkpt>
      <trkpt lat="49.18134584091603755950927734375" lon="20.08148876018822193145751953125"><ele>2043.5999755859375</ele><time>2025-07-14T10:35:52.000Z</time></trkpt>
      <trkpt lat="49.18153359554708003997802734375" lon="20.08163058198988437652587890625"><ele>2048.60009765625</ele><time>2025-07-14T10:36:31.000Z</time></trkpt>
      <trkpt lat="49.1816112957894802093505859375" lon="20.08175111375749111175537109375"><ele>2052.800048828125</ele><time>2025-07-14T10:36:59.000Z</time></trkpt>
      <trkpt lat="49.18159939348697662353515625" lon="20.08174608461558818817138671875"><ele>2055</ele><time>2025-07-14T10:38:24.000Z</time></trkpt>
      <trkpt lat="49.18160970322787761688232421875" lon="20.0817684642970561981201171875"><ele>2056.800048828125</ele><time>2025-07-14T10:42:07.000Z</time></trkpt>
      <trkpt lat="49.181609451770782470703125" lon="20.0817718170583248138427734375"><ele>2062.60009765625</ele><time>2025-07-14T10:44:49.000Z</time></trkpt>
      <trkpt lat="49.18159805238246917724609375" lon="20.0818023271858692169189453125"><ele>2070</ele><time>2025-07-14T10:46:26.000Z</time></trkpt>
      <trkpt lat="49.18159310705959796905517578125" lon="20.0818388722836971282958984375"><ele>2077.39990234375</ele><time>2025-07-14T10:47:38.000Z</time></trkpt>
      <trkpt lat="49.18157793581485748291015625" lon="20.082556195557117462158203125"><ele>2082.39990234375</ele><time>2025-07-14T10:48:26.000Z</time></trkpt>
      <trkpt lat="49.18153074570000171661376953125" lon="20.0826790742576122283935546875"><ele>2088.199951171875</ele><time>2025-07-14T10:49:37.000Z</time></trkpt>
      <trkpt lat="49.18142010457813739776611328125" lon="20.082808993756771087646484375"><ele>2093.199951171875</ele><time>2025-07-14T10:50:10.000Z</time></trkpt>
      <trkpt lat="49.18143418617546558380126953125" lon="20.0828007794916629791259765625"><ele>2095.800048828125</ele><time>2025-07-14T10:50:57.000Z</time></trkpt>
      <trkpt lat="49.181331507861614227294921875" lon="20.08284143172204494476318359375"><ele>2105</ele><time>2025-07-14T10:51:54.000Z</time></trkpt>
      <trkpt lat="49.18126671575009822845458984375" lon="20.082969255745410919189453125"><ele>2112</ele><time>2025-07-14T10:52:38.000Z</time></trkpt>
      <trkpt lat="49.18129404075443744659423828125" lon="20.08320822380483150482177734375"><ele>2120.199951171875</ele><time>2025-07-14T10:53:50.000Z</time></trkpt>
      <trkpt lat="49.1813494451344013214111328125" lon="20.0834260694682598114013671875"><ele>2125.800048828125</ele><time>2025-07-14T10:54:28.000Z</time></trkpt>
      <trkpt lat="49.18143041431903839111328125" lon="20.08353109471499919891357421875"><ele>2129.60009765625</ele><time>2025-07-14T10:55:04.000Z</time></trkpt>
      <trkpt lat="49.18143846094608306884765625" lon="20.08352053351700305938720703125"><ele>2132.60009765625</ele><time>2025-07-14T10:55:42.000Z</time></trkpt>
      <trkpt lat="49.18136738240718841552734375" lon="20.0837241299450397491455078125"><ele>2140.39990234375</ele><time>2025-07-14T10:56:43.000Z</time></trkpt>
      <trkpt lat="49.181295298039913177490234375" lon="20.08378791622817516326904296875"><ele>2145.39990234375</ele><time>2025-07-14T10:57:44.000Z</time></trkpt>
      <trkpt lat="49.18122279457747936248779296875" lon="20.083923451602458953857421875"><ele>2151.60009765625</ele><time>2025-07-14T10:58:55.000Z</time></trkpt>
      <trkpt lat="49.18126436881721019744873046875" lon="20.08412704803049564361572265625"><ele>2158.199951171875</ele><time>2025-07-14T10:59:33.000Z</time></trkpt>
      <trkpt lat="49.1812629438936710357666015625" lon="20.08413056842982769012451171875"><ele>2159.60009765625</ele><time>2025-07-14T11:00:15.000Z</time></trkpt>
      <trkpt lat="49.18129890225827693939208984375" lon="20.08423550985753536224365234375"><ele>2165.39990234375</ele><time>2025-07-14T11:00:41.000Z</time></trkpt>
      <trkpt lat="49.18130359612405300140380859375" lon="20.084328465163707733154296875"><ele>2172</ele><time>2025-07-14T11:01:42.000Z</time></trkpt>
      <trkpt lat="49.18124374933540821075439453125" lon="20.08442946709692478179931640625"><ele>2176.199951171875</ele><time>2025-07-14T11:03:06.000Z</time></trkpt>
      <trkpt lat="49.18113444931805133819580078125" lon="20.0844000466167926788330078125"><ele>2178.39990234375</ele><time>2025-07-14T11:03:51.000Z</time></trkpt>
      <trkpt lat="49.18097318150103092193603515625" lon="20.08437372744083404541015625"><ele>2185.60009765625</ele><time>2025-07-14T11:04:59.000Z</time></trkpt>
      <trkpt lat="49.18086044490337371826171875" lon="20.084335505962371826171875"><ele>2189</ele><time>2025-07-14T11:05:26.000Z</time></trkpt>
      <trkpt lat="49.180772937834262847900390625" lon="20.08425964973866939544677734375"><ele>2193.60009765625</ele><time>2025-07-14T11:06:09.000Z</time></trkpt>
      <trkpt lat="49.1807095706462860107421875" lon="20.08420365862548351287841796875"><ele>2197.800048828125</ele><time>2025-07-14T11:06:42.000Z</time></trkpt>
      <trkpt lat="49.180634133517742156982421875" lon="20.08415956981480121612548828125"><ele>2202.199951171875</ele><time>2025-07-14T11:07:23.000Z</time></trkpt>
      <trkpt lat="49.180587194859981536865234375" lon="20.08410391397774219512939453125"><ele>2209</ele><time>2025-07-14T11:08:19.000Z</time></trkpt>
      <trkpt lat="49.1804539225995540618896484375" lon="20.083938874304294586181640625"><ele>2211.800048828125</ele><time>2025-07-14T11:09:11.000Z</time></trkpt>
      <trkpt lat="49.18044646270573139190673828125" lon="20.08398137055337429046630859375"><ele>2218.199951171875</ele><time>2025-07-14T11:09:56.000Z</time></trkpt>
      <trkpt lat="49.18048753403127193450927734375" lon="20.0841247849166393280029296875"><ele>2221.39990234375</ele><time>2025-07-14T11:10:24.000Z</time></trkpt>
      <trkpt lat="49.18051175773143768310546875" lon="20.08423517458140850067138671875"><ele>2224.60009765625</ele><time>2025-07-14T11:10:52.000Z</time></trkpt>
      <trkpt lat="49.1804877854883670806884765625" lon="20.084296949207782745361328125"><ele>2232.39990234375</ele><time>2025-07-14T11:11:34.000Z</time></trkpt>
      <trkpt lat="49.18043958954513072967529296875" lon="20.0844060815870761871337890625"><ele>2241</ele><time>2025-07-14T11:12:40.000Z</time></trkpt>
      <trkpt lat="49.1804344765841960906982421875" lon="20.08449702523648738861083984375"><ele>2247.800048828125</ele><time>2025-07-14T11:13:29.000Z</time></trkpt>
      <trkpt lat="49.18032425455749034881591796875" lon="20.08470439352095127105712890625"><ele>2254</ele><time>2025-07-14T11:14:01.000Z</time></trkpt>
      <trkpt lat="49.18036381714046001434326171875" lon="20.08479391224682331085205078125"><ele>2261</ele><time>2025-07-14T11:14:46.000Z</time></trkpt>
      <trkpt lat="49.180351160466670989990234375" lon="20.0848144479095935821533203125"><ele>2261.199951171875</ele><time>2025-07-14T11:16:33.000Z</time></trkpt>
      <trkpt lat="49.1803570277988910675048828125" lon="20.08482123725116252899169921875"><ele>2264.199951171875</ele><time>2025-07-14T11:18:19.000Z</time></trkpt>
      <trkpt lat="49.1803556866943836212158203125" lon="20.08482836186885833740234375"><ele>2269.39990234375</ele><time>2025-07-14T11:19:05.000Z</time></trkpt>
      <trkpt lat="49.18034940026700496673583984375" lon="20.08484470658004283905029296875"><ele>2276</ele><time>2025-07-14T11:20:03.000Z</time></trkpt>
      <trkpt lat="49.18029961176216602325439453125" lon="20.08499591611325740814208984375"><ele>2280.39990234375</ele><time>2025-07-14T11:20:47.000Z</time></trkpt>
      <trkpt lat="49.18021964840590953826904296875" lon="20.08521384559571743011474609375"><ele>2284.60009765625</ele><time>2025-07-14T11:21:22.000Z</time></trkpt>
      <trkpt lat="49.180241189897060394287109375" lon="20.085321553051471710205078125"><ele>2292</ele><time>2025-07-14T11:22:15.000Z</time></trkpt>
      <trkpt lat="49.1802846081554889678955078125" lon="20.085489191114902496337890625"><ele>2299.60009765625</ele><time>2025-07-14T11:23:11.000Z</time></trkpt>
      <trkpt lat="49.1802819259464740753173828125" lon="20.0855235569179058074951171875"><ele>2305.60009765625</ele><time>2025-07-14T11:24:03.000Z</time></trkpt>
      <trkpt lat="49.18022207915782928466796875" lon="20.0856439210474491119384765625"><ele>2309.60009765625</ele><time>2025-07-14T11:24:49.000Z</time></trkpt>
      <trkpt lat="49.18019936420023441314697265625" lon="20.0857423245906829833984375"><ele>2315.60009765625</ele><time>2025-07-14T11:25:51.000Z</time></trkpt>
      <trkpt lat="49.1802098415791988372802734375" lon="20.0858511216938495635986328125"><ele>2321</ele><time>2025-07-14T11:26:30.000Z</time></trkpt>
      <trkpt lat="49.1802829317748546600341796875" lon="20.08590350858867168426513671875"><ele>2326.800048828125</ele><time>2025-07-14T11:27:08.000Z</time></trkpt>
      <trkpt lat="49.180307574570178985595703125" lon="20.08607382886111736297607421875"><ele>2334</ele><time>2025-07-14T11:28:06.000Z</time></trkpt>
      <trkpt lat="49.18027161620557308197021484375" lon="20.08611305616796016693115234375"><ele>2339.39990234375</ele><time>2025-07-14T11:28:57.000Z</time></trkpt>
      <trkpt lat="49.18024999089539051055908203125" lon="20.0862105377018451690673828125"><ele>2346.800048828125</ele><time>2025-07-14T11:30:06.000Z</time></trkpt>
      <trkpt lat="49.18024814687669277191162109375" lon="20.08626208640635013580322265625"><ele>2351.60009765625</ele><time>2025-07-14T11:30:43.000Z</time></trkpt>
      <trkpt lat="49.18024890124797821044921875" lon="20.0863416306674480438232421875"><ele>2358</ele><time>2025-07-14T11:32:11.000Z</time></trkpt>
      <trkpt lat="49.180246554315090179443359375" lon="20.0863540358841419219970703125"><ele>2359.800048828125</ele><time>2025-07-14T11:33:15.000Z</time></trkpt>
      <trkpt lat="49.1802413575351238250732421875" lon="20.08636660873889923095703125"><ele>2360.39990234375</ele><time>2025-07-14T11:34:38.000Z</time></trkpt>
      <trkpt lat="49.18024160899221897125244140625" lon="20.08638546802103519439697265625"><ele>2366.60009765625</ele><time>2025-07-14T11:35:47.000Z</time></trkpt>
      <trkpt lat="49.180243201553821563720703125" lon="20.08641212247312068939208984375"><ele>2374.199951171875</ele><time>2025-07-14T11:36:55.000Z</time></trkpt>
      <trkpt lat="49.180241525173187255859375" lon="20.08645922876894474029541015625"><ele>2382.60009765625</ele><time>2025-07-14T11:38:31.000Z</time></trkpt>
      <trkpt lat="49.180237837135791778564453125" lon="20.08650247938930988311767578125"><ele>2388</ele><time>2025-07-14T11:39:45.000Z</time></trkpt>
      <trkpt lat="49.18020355515182018280029296875" lon="20.08721628226339817047119140625"><ele>2393.800048828125</ele><time>2025-07-14T11:40:47.000Z</time></trkpt>
      <trkpt lat="49.18017656542360782623291015625" lon="20.0872371532022953033447265625"><ele>2398.800048828125</ele><time>2025-07-14T11:41:51.000Z</time></trkpt>
      <trkpt lat="49.18013515882194042205810546875" lon="20.0873032025992870330810546875"><ele>2405.60009765625</ele><time>2025-07-14T11:42:50.000Z</time></trkpt>
      <trkpt lat="49.180107749998569488525390625" lon="20.08738341741263866424560546875"><ele>2411.199951171875</ele><time>2025-07-14T11:43:32.000Z</time></trkpt>
      <trkpt lat="49.18008394539356231689453125" lon="20.08744762279093265533447265625"><ele>2415.800048828125</ele><time>2025-07-14T11:45:28.000Z</time></trkpt>
      <trkpt lat="49.18008285574615001678466796875" lon="20.08745449595153331756591796875"><ele>2417.60009765625</ele><time>2025-07-14T11:46:00.000Z</time></trkpt>
      <trkpt lat="49.180031307041645050048828125" lon="20.0876495428383350372314453125"><ele>2423.39990234375</ele><time>2025-07-14T11:46:28.000Z</time></trkpt>
      <trkpt lat="49.18001898564398288726806640625" lon="20.08765247650444507598876953125"><ele>2427.39990234375</ele><time>2025-07-14T11:47:25.000Z</time></trkpt>
      <trkpt lat="49.180011861026287078857421875" lon="20.08771752007305622100830078125"><ele>2435</ele><time>2025-07-14T11:48:45.000Z</time></trkpt>
      <trkpt lat="49.18001563288271427154541015625" lon="20.08780553005635738372802734375"><ele>2442.800048828125</ele><time>2025-07-14T11:49:30.000Z</time></trkpt>
      <trkpt lat="49.18003072030842304229736328125" lon="20.08791784755885601043701171875"><ele>2449.39990234375</ele><time>2025-07-14T11:50:47.000Z</time></trkpt>
      <trkpt lat="49.18002921156585216522216796875" lon="20.08793310262262821197509765625"><ele>2453.800048828125</ele><time>2025-07-14T11:51:51.000Z</time></trkpt>
      <trkpt lat="49.18002921156585216522216796875" lon="20.08796897716820240020751953125"><ele>2458</ele><time>2025-07-14T11:53:40.000Z</time></trkpt>
      <trkpt lat="49.18002116493880748748779296875" lon="20.08798666298389434814453125"><ele>2458</ele><time>2025-07-14T11:55:15.000Z</time></trkpt>
      <trkpt lat="49.18000255711376667022705078125" lon="20.08799680508673191070556640625"><ele>2463</ele><time>2025-07-14T11:56:52.000Z</time></trkpt>
      <trkpt lat="49.17998981662094593048095703125" lon="20.087999738752841949462890625"><ele>2464.800048828125</ele><time>2025-07-14T11:57:46.000Z</time></trkpt>
      <trkpt lat="49.1799664311110973358154296875" lon="20.087995715439319610595703125"><ele>2470</ele><time>2025-07-14T11:59:28.000Z</time></trkpt>
      <trkpt lat="49.17967499233782291412353515625" lon="20.08799814619123935699462890625"><ele>2474.39990234375</ele><time>2025-07-14T12:00:13.000Z</time></trkpt>
      <trkpt lat="49.1795761696994304656982421875" lon="20.0879308395087718963623046875"><ele>2477.800048828125</ele><time>2025-07-14T12:01:06.000Z</time></trkpt>
      <trkpt lat="49.1795949451625347137451171875" lon="20.08800535462796688079833984375"><ele>2483</ele><time>2025-07-14T12:01:59.000Z</time></trkpt>
      <trkpt lat="49.17956225574016571044921875" lon="20.0880569033324718475341796875"><ele>2485.800048828125</ele><time>2025-07-14T12:03:31.000Z</time></trkpt>
      <trkpt lat="49.179561920464038848876953125" lon="20.08805371820926666259765625"><ele>2485</ele><time>2025-07-14T12:04:47.000Z</time></trkpt>
      <trkpt lat="49.17957055382430553436279296875" lon="20.088059417903423309326171875"><ele>2489</ele><time>2025-07-14T12:06:40.000Z</time></trkpt>
      <trkpt lat="49.1795771755278110504150390625" lon="20.08806386031210422515869140625"><ele>2489.39990234375</ele><time>2025-07-14T12:08:24.000Z</time></trkpt>
      <trkpt lat="49.1795879043638706207275390625" lon="20.0880703143775463104248046875"><ele>2491.60009765625</ele><time>2025-07-14T12:12:28.000Z</time></trkpt>
      <trkpt lat="49.17958966456353664398193359375" lon="20.0880713202059268951416015625"><ele>2492.199951171875</ele><time>2025-07-14T12:13:15.000Z</time></trkpt>
      <trkpt lat="49.1795964539051055908203125" lon="20.0880760140717029571533203125"><ele>2493.60009765625</ele><time>2025-07-14T12:17:37.000Z</time></trkpt>
      <trkpt lat="49.17960106395184993743896484375" lon="20.08807894773781299591064453125"><ele>2495</ele><time>2025-07-14T12:21:41.000Z</time></trkpt>
      <trkpt lat="49.179635681211948394775390625" lon="20.08814759552478790283203125"><ele>2495.60009765625</ele><time>2025-07-14T12:24:43.000Z</time></trkpt>
      <trkpt lat="49.17963895015418529510498046875" lon="20.08814482949674129486083984375"><ele>2496.199951171875</ele><time>2025-07-14T12:29:16.000Z</time></trkpt>
      <trkpt lat="49.179637022316455841064453125" lon="20.08813820779323577880859375"><ele>2496.800048828125</ele><time>2025-07-14T12:32:01.000Z</time></trkpt>
      <trkpt lat="49.179635010659694671630859375" lon="20.0881346873939037322998046875"><ele>2497</ele><time>2025-07-14T12:35:38.000Z</time></trkpt>
      <trkpt lat="49.17962285690009593963623046875" lon="20.08813443593680858612060546875"><ele>2491.800048828125</ele><time>2025-07-14T12:37:38.000Z</time></trkpt>
      <trkpt lat="49.1796026565134525299072265625" lon="20.0881509482860565185546875"><ele>2500.39990234375</ele><time>2025-07-14T12:39:43.000Z</time></trkpt>
      <trkpt lat="49.17957943864166736602783203125" lon="20.0881786085665225982666015625"><ele>2501.39990234375</ele><time>2025-07-14T12:41:56.000Z</time></trkpt>
      <trkpt lat="49.1795379482209682464599609375" lon="20.088228397071361541748046875"><ele>2500</ele><time>2025-07-14T12:47:13.000Z</time></trkpt>
      <trkpt lat="49.179527051746845245361328125" lon="20.0882421433925628662109375"><ele>2497.199951171875</ele><time>2025-07-14T12:49:12.000Z</time></trkpt>
      <trkpt lat="49.17951925657689571380615234375" lon="20.088247843086719512939453125"><ele>2494</ele><time>2025-07-14T12:50:50.000Z</time></trkpt>
      <trkpt lat="49.17956359684467315673828125" lon="20.0879489444196224212646484375"><ele>2493.199951171875</ele><time>2025-07-14T12:53:11.000Z</time></trkpt>
      <trkpt lat="49.17964431457221508026123046875" lon="20.08786772377789020538330078125"><ele>2488.800048828125</ele><time>2025-07-14T12:53:52.000Z</time></trkpt>
      <trkpt lat="49.17967365123331546783447265625" lon="20.08777233771979808807373046875"><ele>2483.60009765625</ele><time>2025-07-14T12:54:23.000Z</time></trkpt>
      <trkpt lat="49.1797823645174503326416015625" lon="20.0879878364503383636474609375"><ele>2480.199951171875</ele><time>2025-07-14T12:55:26.000Z</time></trkpt>
      <trkpt lat="49.17982569895684719085693359375" lon="20.088131837546825408935546875"><ele>2475.199951171875</ele><time>2025-07-14T12:56:43.000Z</time></trkpt>
      <trkpt lat="49.17986157350242137908935546875" lon="20.08813192136585712432861328125"><ele>2472</ele><time>2025-07-14T12:57:41.000Z</time></trkpt>
      <trkpt lat="49.18000473640859127044677734375" lon="20.0881313346326351165771484375"><ele>2467.800048828125</ele><time>2025-07-14T12:59:32.000Z</time></trkpt>
      <trkpt lat="49.18004530481994152069091796875" lon="20.08794265799224376678466796875"><ele>2461.60009765625</ele><time>2025-07-14T13:00:32.000Z</time></trkpt>
      <trkpt lat="49.17998202145099639892578125" lon="20.0879030115902423858642578125"><ele>2459.39990234375</ele><time>2025-07-14T13:01:09.000Z</time></trkpt>
      <trkpt lat="49.17999333702027797698974609375" lon="20.087834112346172332763671875"><ele>2453.39990234375</ele><time>2025-07-14T13:01:52.000Z</time></trkpt>
      <trkpt lat="49.1800187341868877410888671875" lon="20.08772355504333972930908203125"><ele>2447.199951171875</ele><time>2025-07-14T13:03:10.000Z</time></trkpt>
      <trkpt lat="49.18003021739423274993896484375" lon="20.087679214775562286376953125"><ele>2442.800048828125</ele><time>2025-07-14T13:04:44.000Z</time></trkpt>
      <trkpt lat="49.18003273196518421173095703125" lon="20.08759011514484882354736328125"><ele>2436.199951171875</ele><time>2025-07-14T13:05:45.000Z</time></trkpt>
      <trkpt lat="49.1800458915531635284423828125" lon="20.087549798190593719482421875"><ele>2427.60009765625</ele><time>2025-07-14T13:07:13.000Z</time></trkpt>
      <trkpt lat="49.1800495795905590057373046875" lon="20.0875308550894260406494140625"><ele>2422.800048828125</ele><time>2025-07-14T13:08:10.000Z</time></trkpt>
      <trkpt lat="49.1800604760646820068359375" lon="20.087495148181915283203125"><ele>2414.800048828125</ele><time>2025-07-14T13:09:29.000Z</time></trkpt>
      <trkpt lat="49.1801236756145954132080078125" lon="20.08716884069144725799560546875"><ele>2409</ele><time>2025-07-14T13:10:47.000Z</time></trkpt>
      <trkpt lat="49.1801823489367961883544921875" lon="20.086861811578273773193359375"><ele>2403</ele><time>2025-07-14T13:12:05.000Z</time></trkpt>
      <trkpt lat="49.18017371557652950286865234375" lon="20.08674555458128452301025390625"><ele>2393.800048828125</ele><time>2025-07-14T13:13:27.000Z</time></trkpt>
      <trkpt lat="49.18028033338487148284912109375" lon="20.08674270473420619964599609375"><ele>2388.60009765625</ele><time>2025-07-14T13:13:58.000Z</time></trkpt>
      <trkpt lat="49.1801793314516544342041015625" lon="20.08660725317895412445068359375"><ele>2381.39990234375</ele><time>2025-07-14T13:14:41.000Z</time></trkpt>
      <trkpt lat="49.18020305223762989044189453125" lon="20.08655377663671970367431640625"><ele>2376.199951171875</ele><time>2025-07-14T13:15:33.000Z</time></trkpt>
      <trkpt lat="49.18021109886467456817626953125" lon="20.08639569394290447235107421875"><ele>2367</ele><time>2025-07-14T13:16:34.000Z</time></trkpt>
      <trkpt lat="49.180272035300731658935546875" lon="20.086194612085819244384765625"><ele>2356.39990234375</ele><time>2025-07-14T13:17:32.000Z</time></trkpt>
      <trkpt lat="49.180308915674686431884765625" lon="20.085987746715545654296875"><ele>2345.60009765625</ele><time>2025-07-14T13:19:03.000Z</time></trkpt>
      <trkpt lat="49.1802882961928844451904296875" lon="20.08595011197030544281005859375"><ele>2338.39990234375</ele><time>2025-07-14T13:19:42.000Z</time></trkpt>
      <trkpt lat="49.180247895419597625732421875" lon="20.0859574042260646820068359375"><ele>2334.800048828125</ele><time>2025-07-14T13:21:19.000Z</time></trkpt>
      <trkpt lat="49.18027128092944622039794921875" lon="20.08589294739067554473876953125"><ele>2326.199951171875</ele><time>2025-07-14T13:24:01.000Z</time></trkpt>
      <trkpt lat="49.180279411375522613525390625" lon="20.08586059324443340301513671875"><ele>2317.199951171875</ele><time>2025-07-14T13:25:33.000Z</time></trkpt>
      <trkpt lat="49.18029491789638996124267578125" lon="20.08546404540538787841796875"><ele>2311.60009765625</ele><time>2025-07-14T13:26:58.000Z</time></trkpt>
      <trkpt lat="49.18027614243328571319580078125" lon="20.085251815617084503173828125"><ele>2301.800048828125</ele><time>2025-07-14T13:28:33.000Z</time></trkpt>
      <trkpt lat="49.18025619350373744964599609375" lon="20.08517176844179630279541015625"><ele>2294.199951171875</ele><time>2025-07-14T13:30:25.000Z</time></trkpt>
      <trkpt lat="49.18026792816817760467529296875" lon="20.08514695800840854644775390625"><ele>2285.800048828125</ele><time>2025-07-14T13:31:50.000Z</time></trkpt>
      <trkpt lat="49.180284775793552398681640625" lon="20.08509121835231781005859375"><ele>2277.199951171875</ele><time>2025-07-14T13:33:37.000Z</time></trkpt>
      <trkpt lat="49.18029961176216602325439453125" lon="20.08503229357302188873291015625"><ele>2268.39990234375</ele><time>2025-07-14T13:35:14.000Z</time></trkpt>
      <trkpt lat="49.1804210655391216278076171875" lon="20.08439845405519008636474609375"><ele>2260.800048828125</ele><time>2025-07-14T13:36:02.000Z</time></trkpt>
      <trkpt lat="49.18048820458352565765380859375" lon="20.084262080490589141845703125"><ele>2251</ele><time>2025-07-14T13:37:44.000Z</time></trkpt>
      <trkpt lat="49.1805337183177471160888671875" lon="20.08417985402047634124755859375"><ele>2244.39990234375</ele><time>2025-07-14T13:39:23.000Z</time></trkpt>
      <trkpt lat="49.180447049438953399658203125" lon="20.08402596227824687957763671875"><ele>2237.39990234375</ele><time>2025-07-14T13:40:30.000Z</time></trkpt>
      <trkpt lat="49.18053782545030117034912109375" lon="20.08400031365454196929931640625"><ele>2229.800048828125</ele><time>2025-07-14T13:41:33.000Z</time></trkpt>
      <trkpt lat="49.18065651319921016693115234375" lon="20.08410508744418621063232421875"><ele>2227.60009765625</ele><time>2025-07-14T13:42:22.000Z</time></trkpt>
      <trkpt lat="49.18068735860288143157958984375" lon="20.08418052457273006439208984375"><ele>2221.60009765625</ele><time>2025-07-14T13:43:45.000Z</time></trkpt>
      <trkpt lat="49.18078324757516384124755859375" lon="20.0841894932091236114501953125"><ele>2218.199951171875</ele><time>2025-07-14T13:44:23.000Z</time></trkpt>
      <trkpt lat="49.180881567299365997314453125" lon="20.08427456952631473541259765625"><ele>2211.800048828125</ele><time>2025-07-14T13:45:04.000Z</time></trkpt>
      <trkpt lat="49.18102967552840709686279296875" lon="20.0843544490635395050048828125"><ele>2202.60009765625</ele><time>2025-07-14T13:46:35.000Z</time></trkpt>
      <trkpt lat="49.18116579763591289520263671875" lon="20.0843782536685466766357421875"><ele>2194.39990234375</ele><time>2025-07-14T13:47:42.000Z</time></trkpt>
      <trkpt lat="49.18120242655277252197265625" lon="20.0844154693186283111572265625"><ele>2191.199951171875</ele><time>2025-07-14T13:49:59.000Z</time></trkpt>
      <trkpt lat="49.1812098026275634765625" lon="20.08440935052931308746337890625"><ele>2183.800048828125</ele><time>2025-07-14T13:51:18.000Z</time></trkpt>
      <trkpt lat="49.18121592141687870025634765625" lon="20.0843985378742218017578125"><ele>2180</ele><time>2025-07-14T13:52:23.000Z</time></trkpt>
      <trkpt lat="49.18122983537614345550537109375" lon="20.08437640964984893798828125"><ele>2176.60009765625</ele><time>2025-07-14T13:54:04.000Z</time></trkpt>
      <trkpt lat="49.18140493333339691162109375" lon="20.08402747102081775665283203125"><ele>2171</ele><time>2025-07-14T13:55:37.000Z</time></trkpt>
      <trkpt lat="49.18138288892805576324462890625" lon="20.0838106311857700347900390625"><ele>2160.199951171875</ele><time>2025-07-14T13:57:28.000Z</time></trkpt>
      <trkpt lat="49.18142613954842090606689453125" lon="20.0837750919163227081298828125"><ele>2152.39990234375</ele><time>2025-07-14T13:59:39.000Z</time></trkpt>
      <trkpt lat="49.1814188472926616668701171875" lon="20.08374617435038089752197265625"><ele>2144.60009765625</ele><time>2025-07-14T14:00:55.000Z</time></trkpt>
      <trkpt lat="49.1812743432819843292236328125" lon="20.0832688249647617340087890625"><ele>2140.39990234375</ele><time>2025-07-14T14:01:37.000Z</time></trkpt>
      <trkpt lat="49.18126872740685939788818359375" lon="20.0831700861454010009765625"><ele>2137</ele><time>2025-07-14T14:02:11.000Z</time></trkpt>
      <trkpt lat="49.18130326084792613983154296875" lon="20.08307344280183315277099609375"><ele>2131.39990234375</ele><time>2025-07-14T14:02:57.000Z</time></trkpt>
      <trkpt lat="49.18145162053406238555908203125" lon="20.0828550942242145538330078125"><ele>2120.60009765625</ele><time>2025-07-14T14:04:35.000Z</time></trkpt>
      <trkpt lat="49.18151398189365863800048828125" lon="20.08278728462755680084228515625"><ele>2113</ele><time>2025-07-14T14:06:24.000Z</time></trkpt>
      <trkpt lat="49.1815221123397350311279296875" lon="20.08276951499283313751220703125"><ele>2101.800048828125</ele><time>2025-07-14T14:08:05.000Z</time></trkpt>
      <trkpt lat="49.18152487836778163909912109375" lon="20.082742273807525634765625"><ele>2096.39990234375</ele><time>2025-07-14T14:09:03.000Z</time></trkpt>
      <trkpt lat="49.181544743478298187255859375" lon="20.08197315037250518798828125"><ele>2089.60009765625</ele><time>2025-07-14T14:10:05.000Z</time></trkpt>
      <trkpt lat="49.181594364345073699951171875" lon="20.0818767584860324859619140625"><ele>2084.39990234375</ele><time>2025-07-14T14:10:36.000Z</time></trkpt>
      <trkpt lat="49.18155605904757976531982421875" lon="20.08169126696884632110595703125"><ele>2078.39990234375</ele><time>2025-07-14T14:11:10.000Z</time></trkpt>
      <trkpt lat="49.18151850812137126922607421875" lon="20.0815029256045818328857421875"><ele>2074.39990234375</ele><time>2025-07-14T14:11:43.000Z</time></trkpt>
      <trkpt lat="49.18142379261553287506103515625" lon="20.08149697445333003997802734375"><ele>2072.800048828125</ele><time>2025-07-14T14:12:35.000Z</time></trkpt>
      <trkpt lat="49.18141205795109272003173828125" lon="20.08148632943630218505859375"><ele>2070.199951171875</ele><time>2025-07-14T14:13:59.000Z</time></trkpt>
      <trkpt lat="49.181409291923046112060546875" lon="20.08148356340825557708740234375"><ele>2063.60009765625</ele><time>2025-07-14T14:15:53.000Z</time></trkpt>
      <trkpt lat="49.1813839785754680633544921875" lon="20.081492364406585693359375"><ele>2058.800048828125</ele><time>2025-07-14T14:17:22.000Z</time></trkpt>
      <trkpt lat="49.18139965273439884185791015625" lon="20.08143964223563671112060546875"><ele>2057.60009765625</ele><time>2025-07-14T14:18:19.000Z</time></trkpt>
      <trkpt lat="49.18139110319316387176513671875" lon="20.08142187260091304779052734375"><ele>2055.800048828125</ele><time>2025-07-14T14:20:11.000Z</time></trkpt>
      <trkpt lat="49.181403256952762603759765625" lon="20.0814264826476573944091796875"><ele>2054.199951171875</ele><time>2025-07-14T14:21:37.000Z</time></trkpt>
      <trkpt lat="49.18142530135810375213623046875" lon="20.08143528364598751068115234375"><ele>2054</ele><time>2025-07-14T14:23:13.000Z</time></trkpt>
      <trkpt lat="49.18143569491803646087646484375" lon="20.0814454257488250732421875"><ele>2054.60009765625</ele><time>2025-07-14T14:25:55.000Z</time></trkpt>
      <trkpt lat="49.18130342848598957061767578125" lon="20.081443749368190765380859375"><ele>2048</ele><time>2025-07-14T14:26:47.000Z</time></trkpt>
      <trkpt lat="49.1811067052185535430908203125" lon="20.08125959895551204681396484375"><ele>2046.5999755859375</ele><time>2025-07-14T14:27:35.000Z</time></trkpt>
      <trkpt lat="49.18100033886730670928955078125" lon="20.08114191703498363494873046875"><ele>2043.800048828125</ele><time>2025-07-14T14:28:00.000Z</time></trkpt>
      <trkpt lat="49.1810715012252330780029296875" lon="20.0809624604880809783935546875"><ele>2038.199951171875</ele><time>2025-07-14T14:28:32.000Z</time></trkpt>
      <trkpt lat="49.18109773658215999603271484375" lon="20.08091761730611324310302734375"><ele>2033.5999755859375</ele><time>2025-07-14T14:29:09.000Z</time></trkpt>
      <trkpt lat="49.1810899414122104644775390625" lon="20.080768167972564697265625"><ele>2028.4000244140625</ele><time>2025-07-14T14:29:39.000Z</time></trkpt>
      <trkpt lat="49.18098608963191509246826171875" lon="20.0805822573602199554443359375"><ele>2022.4000244140625</ele><time>2025-07-14T14:30:21.000Z</time></trkpt>
      <trkpt lat="49.18090160004794597625732421875" lon="20.08047723211348056793212890625"><ele>2017.4000244140625</ele><time>2025-07-14T14:31:00.000Z</time></trkpt>
      <trkpt lat="49.1807747818529605865478515625" lon="20.08028193376958370208740234375"><ele>2012.5999755859375</ele><time>2025-07-14T14:31:47.000Z</time></trkpt>
      <trkpt lat="49.18064561672508716583251953125" lon="20.08004128932952880859375"><ele>2007</ele><time>2025-07-14T14:32:23.000Z</time></trkpt>
      <trkpt lat="49.18071501888334751129150390625" lon="20.07988848723471164703369140625"><ele>2001.800048828125</ele><time>2025-07-14T14:32:56.000Z</time></trkpt>
      <trkpt lat="49.1807000152766704559326171875" lon="20.07980802096426486968994140625"><ele>1997.800048828125</ele><time>2025-07-14T14:33:37.000Z</time></trkpt>
      <trkpt lat="49.18068610131740570068359375" lon="20.0797356851398944854736328125"><ele>1993.4000244140625</ele><time>2025-07-14T14:34:11.000Z</time></trkpt>
      <trkpt lat="49.18072490952908992767333984375" lon="20.0796465016901493072509765625"><ele>1988.4000244140625</ele><time>2025-07-14T14:34:41.000Z</time></trkpt>
      <trkpt lat="49.18080068193376064300537109375" lon="20.079426728188991546630859375"><ele>1981.4000244140625</ele><time>2025-07-14T14:35:15.000Z</time></trkpt>
      <trkpt lat="49.180842675268650054931640625" lon="20.0793323479592800140380859375"><ele>1976.800048828125</ele><time>2025-07-14T14:36:00.000Z</time></trkpt>
      <trkpt lat="49.18096262030303478240966796875" lon="20.07932086475193500518798828125"><ele>1971.4000244140625</ele><time>2025-07-14T14:36:30.000Z</time></trkpt>
      <trkpt lat="49.18093278072774410247802734375" lon="20.07920033298432826995849609375"><ele>1966.800048828125</ele><time>2025-07-14T14:36:55.000Z</time></trkpt>
      <trkpt lat="49.18088860809803009033203125" lon="20.07908851839601993560791015625"><ele>1961.800048828125</ele><time>2025-07-14T14:37:24.000Z</time></trkpt>
      <trkpt lat="49.18087142519652843475341796875" lon="20.07899916730821132659912109375"><ele>1956.800048828125</ele><time>2025-07-14T14:37:55.000Z</time></trkpt>
      <trkpt lat="49.18081141076982021331787109375" lon="20.0788264162838459014892578125"><ele>1951.4000244140625</ele><time>2025-07-14T14:38:23.000Z</time></trkpt>
      <trkpt lat="49.1808042861521244049072265625" lon="20.0787476263940334320068359375"><ele>1945.800048828125</ele><time>2025-07-14T14:38:54.000Z</time></trkpt>
      <trkpt lat="49.180884920060634613037109375" lon="20.07868451066315174102783203125"><ele>1941</ele><time>2025-07-14T14:39:25.000Z</time></trkpt>
      <trkpt lat="49.180991537868976593017578125" lon="20.078573785722255706787109375"><ele>1935.4000244140625</ele><time>2025-07-14T14:40:03.000Z</time></trkpt>
      <trkpt lat="49.181062616407871246337890625" lon="20.078570432960987091064453125"><ele>1931</ele><time>2025-07-14T14:40:52.000Z</time></trkpt>
      <trkpt lat="49.18113813735544681549072265625" lon="20.07874645292758941650390625"><ele>1931.800048828125</ele><time>2025-07-14T14:42:23.000Z</time></trkpt>
      <trkpt lat="49.18104057200253009796142578125" lon="20.07850170135498046875"><ele>1927.199951171875</ele><time>2025-07-14T14:43:18.000Z</time></trkpt>
      <trkpt lat="49.18109857477247714996337890625" lon="20.0784361548721790313720703125"><ele>1923.199951171875</ele><time>2025-07-14T14:44:06.000Z</time></trkpt>
      <trkpt lat="49.181257076561450958251953125" lon="20.07834948599338531494140625"><ele>1916.5999755859375</ele><time>2025-07-14T14:45:16.000Z</time></trkpt>
      <trkpt lat="49.18129655532538890838623046875" lon="20.07830112241208553314208984375"><ele>1912</ele><time>2025-07-14T14:45:55.000Z</time></trkpt>
      <trkpt lat="49.1813514567911624908447265625" lon="20.0782960094511508941650390625"><ele>1908.199951171875</ele><time>2025-07-14T14:46:44.000Z</time></trkpt>
      <trkpt lat="49.18142781592905521392822265625" lon="20.07815225981175899505615234375"><ele>1901.199951171875</ele><time>2025-07-14T14:47:35.000Z</time></trkpt>
      <trkpt lat="49.1814661212265491485595703125" lon="20.07823993451893329620361328125"><ele>1898.800048828125</ele><time>2025-07-14T14:48:12.000Z</time></trkpt>
      <trkpt lat="49.18153309263288974761962890625" lon="20.0782691873610019683837890625"><ele>1896</ele><time>2025-07-14T14:48:42.000Z</time></trkpt>
      <trkpt lat="49.1814654506742954254150390625" lon="20.07818075828254222869873046875"><ele>1891</ele><time>2025-07-14T14:49:17.000Z</time></trkpt>
      <trkpt lat="49.18165764771401882171630859375" lon="20.07813834585249423980712890625"><ele>1886.4000244140625</ele><time>2025-07-14T14:49:47.000Z</time></trkpt>
      <trkpt lat="49.1817450709640979766845703125" lon="20.0781511701643466949462890625"><ele>1883.800048828125</ele><time>2025-07-14T14:50:16.000Z</time></trkpt>
      <trkpt lat="49.18201739899814128875732421875" lon="20.078094005584716796875"><ele>1880</ele><time>2025-07-14T14:50:47.000Z</time></trkpt>
      <trkpt lat="49.1820786707103252410888671875" lon="20.078032650053501129150390625"><ele>1876.199951171875</ele><time>2025-07-14T14:51:24.000Z</time></trkpt>
      <trkpt lat="49.1819542832672595977783203125" lon="20.07795511744916439056396484375"><ele>1871.800048828125</ele><time>2025-07-14T14:51:58.000Z</time></trkpt>
      <trkpt lat="49.1819143854081630706787109375" lon="20.07797691039741039276123046875"><ele>1866.4000244140625</ele><time>2025-07-14T14:52:41.000Z</time></trkpt>
      <trkpt lat="49.18202645145356655120849609375" lon="20.0779878906905651092529296875"><ele>1859.4000244140625</ele><time>2025-07-14T14:53:42.000Z</time></trkpt>
      <trkpt lat="49.18210222385823726654052734375" lon="20.07806609384715557098388671875"><ele>1854.4000244140625</ele><time>2025-07-14T14:54:18.000Z</time></trkpt>
      <trkpt lat="49.182237088680267333984375" lon="20.07801747880876064300537109375"><ele>1846.5999755859375</ele><time>2025-07-14T14:54:54.000Z</time></trkpt>
      <trkpt lat="49.1823592968285083770751953125" lon="20.07808017544448375701904296875"><ele>1838</ele><time>2025-07-14T14:55:39.000Z</time></trkpt>
      <trkpt lat="49.18248544447124004364013671875" lon="20.07808034308254718780517578125"><ele>1832</ele><time>2025-07-14T14:56:15.000Z</time></trkpt>
      <trkpt lat="49.18258644640445709228515625" lon="20.07809928618371486663818359375"><ele>1825.5999755859375</ele><time>2025-07-14T14:56:51.000Z</time></trkpt>
      <trkpt lat="49.18264553882181644439697265625" lon="20.07814287208020687103271484375"><ele>1819.800048828125</ele><time>2025-07-14T14:57:23.000Z</time></trkpt>
      <trkpt lat="49.18275886215269565582275390625" lon="20.078243203461170196533203125"><ele>1811.800048828125</ele><time>2025-07-14T14:57:56.000Z</time></trkpt>
      <trkpt lat="49.18289347551763057708740234375" lon="20.0783690996468067169189453125"><ele>1803.800048828125</ele><time>2025-07-14T14:58:35.000Z</time></trkpt>
      <trkpt lat="49.18294259347021579742431640625" lon="20.078351162374019622802734375"><ele>1800.800048828125</ele><time>2025-07-14T14:58:53.000Z</time></trkpt>
      <trkpt lat="49.18300612829625606536865234375" lon="20.07832190953195095062255859375"><ele>1793.800048828125</ele><time>2025-07-14T14:59:32.000Z</time></trkpt>
      <trkpt lat="49.1831626184284687042236328125" lon="20.07838997058570384979248046875"><ele>1787.199951171875</ele><time>2025-07-14T15:00:18.000Z</time></trkpt>
      <trkpt lat="49.18325037695467472076416015625" lon="20.07850681431591510772705078125"><ele>1779.5999755859375</ele><time>2025-07-14T15:01:22.000Z</time></trkpt>
      <trkpt lat="49.1832813061773777008056640625" lon="20.078649222850799560546875"><ele>1774.4000244140625</ele><time>2025-07-14T15:02:05.000Z</time></trkpt>
      <trkpt lat="49.18336294591426849365234375" lon="20.0786389969289302825927734375"><ele>1768.5999755859375</ele><time>2025-07-14T15:02:37.000Z</time></trkpt>
      <trkpt lat="49.183390103280544281005859375" lon="20.07872809655964374542236328125"><ele>1762</ele><time>2025-07-14T15:03:12.000Z</time></trkpt>
      <trkpt lat="49.183569811284542083740234375" lon="20.07879816927015781402587890625"><ele>1756.5999755859375</ele><time>2025-07-14T15:03:49.000Z</time></trkpt>
      <trkpt lat="49.1836812905967235565185546875" lon="20.0789804756641387939453125"><ele>1750.5999755859375</ele><time>2025-07-14T15:04:22.000Z</time></trkpt>
      <trkpt lat="49.18377122841775417327880859375" lon="20.079087428748607635498046875"><ele>1745.199951171875</ele><time>2025-07-14T15:04:59.000Z</time></trkpt>
      <trkpt lat="49.18389611877501010894775390625" lon="20.0791854970157146453857421875"><ele>1737.800048828125</ele><time>2025-07-14T15:05:38.000Z</time></trkpt>
      <trkpt lat="49.18397180736064910888671875" lon="20.07919765077531337738037109375"><ele>1732.5999755859375</ele><time>2025-07-14T15:06:16.000Z</time></trkpt>
      <trkpt lat="49.1839920915663242340087890625" lon="20.079196728765964508056640625"><ele>1729.199951171875</ele><time>2025-07-14T15:07:47.000Z</time></trkpt>
      <trkpt lat="49.184146821498870849609375" lon="20.07921877317130565643310546875"><ele>1719.800048828125</ele><time>2025-07-14T15:10:01.000Z</time></trkpt>
      <trkpt lat="49.18427816592156887054443359375" lon="20.07934726774692535400390625"><ele>1713</ele><time>2025-07-14T15:10:39.000Z</time></trkpt>
      <trkpt lat="49.18435133993625640869140625" lon="20.0794765166938304901123046875"><ele>1707.199951171875</ele><time>2025-07-14T15:11:20.000Z</time></trkpt>
      <trkpt lat="49.1844366677105426788330078125" lon="20.07952840067446231842041015625"><ele>1698.5999755859375</ele><time>2025-07-14T15:12:36.000Z</time></trkpt>
      <trkpt lat="49.1845292039215564727783203125" lon="20.079540722072124481201171875"><ele>1691.199951171875</ele><time>2025-07-14T15:13:36.000Z</time></trkpt>
      <trkpt lat="49.18463523499667644500732421875" lon="20.0794942863285541534423828125"><ele>1682.5999755859375</ele><time>2025-07-14T15:14:40.000Z</time></trkpt>
      <trkpt lat="49.18473045341670513153076171875" lon="20.07943871431052684783935546875"><ele>1678</ele><time>2025-07-14T15:15:19.000Z</time></trkpt>
      <trkpt lat="49.18485827744007110595703125" lon="20.0793796218931674957275390625"><ele>1671.800048828125</ele><time>2025-07-14T15:16:01.000Z</time></trkpt>
      <trkpt lat="49.18488333933055400848388671875" lon="20.07935036905109882354736328125"><ele>1669</ele><time>2025-07-14T15:16:25.000Z</time></trkpt>
      <trkpt lat="49.1849422641098499298095703125" lon="20.07924391888082027435302734375"><ele>1665.199951171875</ele><time>2025-07-14T15:17:02.000Z</time></trkpt>
      <trkpt lat="49.18507813476026058197021484375" lon="20.079299323260784149169921875"><ele>1658.5999755859375</ele><time>2025-07-14T15:17:43.000Z</time></trkpt>
      <trkpt lat="49.1851273365318775177001953125" lon="20.07912958972156047821044921875"><ele>1653</ele><time>2025-07-14T15:18:23.000Z</time></trkpt>
      <trkpt lat="49.1852684877812862396240234375" lon="20.07925900630652904510498046875"><ele>1646.800048828125</ele><time>2025-07-14T15:19:10.000Z</time></trkpt>
      <trkpt lat="49.1853385604918003082275390625" lon="20.07930460385978221893310546875"><ele>1641.800048828125</ele><time>2025-07-14T15:19:38.000Z</time></trkpt>
      <trkpt lat="49.1854388080537319183349609375" lon="20.0791388936340808868408203125"><ele>1634.800048828125</ele><time>2025-07-14T15:20:25.000Z</time></trkpt>
      <trkpt lat="49.1855373792350292205810546875" lon="20.0790287554264068603515625"><ele>1629.199951171875</ele><time>2025-07-14T15:21:06.000Z</time></trkpt>
      <trkpt lat="49.18574147857725620269775390625" lon="20.079074017703533172607421875"><ele>1624</ele><time>2025-07-14T15:21:51.000Z</time></trkpt>
      <trkpt lat="49.185882546007633209228515625" lon="20.0789048708975315093994140625"><ele>1618</ele><time>2025-07-14T15:22:25.000Z</time></trkpt>
      <trkpt lat="49.18604205362498760223388671875" lon="20.0789373926818370819091796875"><ele>1612</ele><time>2025-07-14T15:23:03.000Z</time></trkpt>
      <trkpt lat="49.18628429062664508819580078125" lon="20.07888550870120525360107421875"><ele>1606.199951171875</ele><time>2025-07-14T15:23:43.000Z</time></trkpt>
      <trkpt lat="49.18662677519023418426513671875" lon="20.07887243293225765228271484375"><ele>1602.5999755859375</ele><time>2025-07-14T15:24:33.000Z</time></trkpt>
      <trkpt lat="49.18682475574314594268798828125" lon="20.07886044681072235107421875"><ele>1597.5999755859375</ele><time>2025-07-14T15:25:09.000Z</time></trkpt>
      <trkpt lat="49.1868888773024082183837890625" lon="20.0787607021629810333251953125"><ele>1592.800048828125</ele><time>2025-07-14T15:25:55.000Z</time></trkpt>
      <trkpt lat="49.18688477016985416412353515625" lon="20.0786939822137355804443359375"><ele>1595</ele><time>2025-07-14T15:28:19.000Z</time></trkpt>
      <trkpt lat="49.186871610581874847412109375" lon="20.07875961251556873321533203125"><ele>1595.5999755859375</ele><time>2025-07-14T15:30:43.000Z</time></trkpt>
      <trkpt lat="49.186862222850322723388671875" lon="20.0788277573883533477783203125"><ele>1597.4000244140625</ele><time>2025-07-14T15:31:53.000Z</time></trkpt>
      <trkpt lat="49.18693690560758113861083984375" lon="20.07898257113993167877197265625"><ele>1600</ele><time>2025-07-14T15:32:28.000Z</time></trkpt>
      <trkpt lat="49.18705291114747524261474609375" lon="20.07902330718934535980224609375"><ele>1598.199951171875</ele><time>2025-07-14T15:33:08.000Z</time></trkpt>
      <trkpt lat="49.187413752079010009765625" lon="20.079193376004695892333984375"><ele>1599.800048828125</ele><time>2025-07-14T15:33:55.000Z</time></trkpt>
      <trkpt lat="49.18773754499852657318115234375" lon="20.07952303625643253326416015625"><ele>1598</ele><time>2025-07-14T15:34:48.000Z</time></trkpt>
      <trkpt lat="49.18812143616378307342529296875" lon="20.079458914697170257568359375"><ele>1599</ele><time>2025-07-14T15:35:49.000Z</time></trkpt>
      <trkpt lat="49.18842335231602191925048828125" lon="20.07935129106044769287109375"><ele>1598</ele><time>2025-07-14T15:36:25.000Z</time></trkpt>
      <trkpt lat="49.1887781582772731781005859375" lon="20.0791948847472667694091796875"><ele>1596.4000244140625</ele><time>2025-07-14T15:37:01.000Z</time></trkpt>
      <trkpt lat="49.18900203891098499298095703125" lon="20.0791345350444316864013671875"><ele>1596.199951171875</ele><time>2025-07-14T15:37:28.000Z</time></trkpt>
      <trkpt lat="49.18925173580646514892578125" lon="20.07902381010353565216064453125"><ele>1596.800048828125</ele><time>2025-07-14T15:37:59.000Z</time></trkpt>
      <trkpt lat="49.1895687393844127655029296875" lon="20.0787700898945331573486328125"><ele>1597.4000244140625</ele><time>2025-07-14T15:38:43.000Z</time></trkpt>
      <trkpt lat="49.18981944210827350616455078125" lon="20.07849323563277721405029296875"><ele>1596.4000244140625</ele><time>2025-07-14T15:39:17.000Z</time></trkpt>
      <trkpt lat="49.1900354437530040740966796875" lon="20.07824379019439220428466796875"><ele>1599</ele><time>2025-07-14T15:39:51.000Z</time></trkpt>
      <trkpt lat="49.19033710844814777374267578125" lon="20.0779198296368122100830078125"><ele>1599.4000244140625</ele><time>2025-07-14T15:40:41.000Z</time></trkpt>
      <trkpt lat="49.1906054131686687469482421875" lon="20.07763107307255268096923828125"><ele>1596.800048828125</ele><time>2025-07-14T15:41:21.000Z</time></trkpt>
      <trkpt lat="49.19081537984311580657958984375" lon="20.0773790292441844940185546875"><ele>1597</ele><time>2025-07-14T15:41:56.000Z</time></trkpt>
      <trkpt lat="49.19104185886681079864501953125" lon="20.0771476887166500091552734375"><ele>1599.800048828125</ele><time>2025-07-14T15:42:39.000Z</time></trkpt>
      <trkpt lat="49.191103465855121612548828125" lon="20.0767145119607448577880859375"><ele>1596.4000244140625</ele><time>2025-07-14T15:43:16.000Z</time></trkpt>
      <trkpt lat="49.19122961349785327911376953125" lon="20.07626473903656005859375"><ele>1596.4000244140625</ele><time>2025-07-14T15:44:05.000Z</time></trkpt>
      <trkpt lat="49.1912142746150493621826171875" lon="20.0759101845324039459228515625"><ele>1594.4000244140625</ele><time>2025-07-14T15:44:57.000Z</time></trkpt>
      <trkpt lat="49.19103448279201984405517578125" lon="20.0752335973083972930908203125"><ele>1594.4000244140625</ele><time>2025-07-14T15:46:08.000Z</time></trkpt>
      <trkpt lat="49.1908246837556362152099609375" lon="20.07485951296985149383544921875"><ele>1594.800048828125</ele><time>2025-07-14T15:47:02.000Z</time></trkpt>
      <trkpt lat="49.19054162688553333282470703125" lon="20.0742498971521854400634765625"><ele>1595</ele><time>2025-07-14T15:48:06.000Z</time></trkpt>
      <trkpt lat="49.1904218494892120361328125" lon="20.0739273615181446075439453125"><ele>1596.199951171875</ele><time>2025-07-14T15:48:48.000Z</time></trkpt>
      <trkpt lat="49.19036275707185268402099609375" lon="20.07358127273619174957275390625"><ele>1597</ele><time>2025-07-14T15:49:27.000Z</time></trkpt>
      <trkpt lat="49.19046719558537006378173828125" lon="20.0734428875148296356201171875"><ele>1592</ele><time>2025-07-14T15:49:57.000Z</time></trkpt>
      <trkpt lat="49.19049737043678760528564453125" lon="20.0733003951609134674072265625"><ele>1585.199951171875</ele><time>2025-07-14T15:50:42.000Z</time></trkpt>
      <trkpt lat="49.19048949144780635833740234375" lon="20.07312580011785030364990234375"><ele>1579.199951171875</ele><time>2025-07-14T15:51:17.000Z</time></trkpt>
      <trkpt lat="49.190584123134613037109375" lon="20.0730071961879730224609375"><ele>1571.800048828125</ele><time>2025-07-14T15:51:50.000Z</time></trkpt>
      <trkpt lat="49.19064857997000217437744140625" lon="20.07302186451852321624755859375"><ele>1566.4000244140625</ele><time>2025-07-14T15:52:41.000Z</time></trkpt>
      <trkpt lat="49.19067741371691226959228515625" lon="20.07282690145075321197509765625"><ele>1559.5999755859375</ele><time>2025-07-14T15:53:15.000Z</time></trkpt>
      <trkpt lat="49.1907529346644878387451171875" lon="20.0727274082601070404052734375"><ele>1554.5999755859375</ele><time>2025-07-14T15:53:47.000Z</time></trkpt>
      <trkpt lat="49.190807081758975982666015625" lon="20.0726385600864887237548828125"><ele>1548</ele><time>2025-07-14T15:54:20.000Z</time></trkpt>
      <trkpt lat="49.19087656773626804351806640625" lon="20.07257376797497272491455078125"><ele>1541.5999755859375</ele><time>2025-07-14T15:54:58.000Z</time></trkpt>
      <trkpt lat="49.19105828739702701568603515625" lon="20.07249397225677967071533203125"><ele>1533.800048828125</ele><time>2025-07-14T15:55:50.000Z</time></trkpt>
      <trkpt lat="49.19116708450019359588623046875" lon="20.07249891757965087890625"><ele>1528.4000244140625</ele><time>2025-07-14T15:56:24.000Z</time></trkpt>
      <trkpt lat="49.191254675388336181640625" lon="20.07250201888382434844970703125"><ele>1524.800048828125</ele><time>2025-07-14T15:57:00.000Z</time></trkpt>
      <trkpt lat="49.19128627516329288482666015625" lon="20.0724658928811550140380859375"><ele>1522</ele><time>2025-07-14T15:57:19.000Z</time></trkpt>
      <trkpt lat="49.1913252510130405426025390625" lon="20.072447955608367919921875"><ele>1517.4000244140625</ele><time>2025-07-14T15:57:52.000Z</time></trkpt>
      <trkpt lat="49.1914037056267261505126953125" lon="20.07202592678368091583251953125"><ele>1509.5999755859375</ele><time>2025-07-14T15:58:47.000Z</time></trkpt>
      <trkpt lat="49.191410578787326812744140625" lon="20.07178637199103832244873046875"><ele>1504.5999755859375</ele><time>2025-07-14T15:59:25.000Z</time></trkpt>
      <trkpt lat="49.19135936535894870758056640625" lon="20.071579255163669586181640625"><ele>1498.199951171875</ele><time>2025-07-14T16:00:00.000Z</time></trkpt>
      <trkpt lat="49.19141904450953006744384765625" lon="20.071514211595058441162109375"><ele>1493.4000244140625</ele><time>2025-07-14T16:00:26.000Z</time></trkpt>
      <trkpt lat="49.19157318770885467529296875" lon="20.07136912085115909576416015625"><ele>1484.5999755859375</ele><time>2025-07-14T16:01:09.000Z</time></trkpt>
      <trkpt lat="49.1917671449482440948486328125" lon="20.07136442698538303375244140625"><ele>1478.199951171875</ele><time>2025-07-14T16:01:44.000Z</time></trkpt>
      <trkpt lat="49.19189907610416412353515625" lon="20.071328468620777130126953125"><ele>1472.4000244140625</ele><time>2025-07-14T16:02:20.000Z</time></trkpt>
      <trkpt lat="49.19191785156726837158203125" lon="20.07116812281310558319091796875"><ele>1467.4000244140625</ele><time>2025-07-14T16:03:25.000Z</time></trkpt>
      <trkpt lat="49.1920284926891326904296875" lon="20.07105915807187557220458984375"><ele>1460.4000244140625</ele><time>2025-07-14T16:04:03.000Z</time></trkpt>
      <trkpt lat="49.19224248267710208892822265625" lon="20.07092236541211605072021484375"><ele>1454.4000244140625</ele><time>2025-07-14T16:04:42.000Z</time></trkpt>
      <trkpt lat="49.19247030280530452728271484375" lon="20.07083955220878124237060546875"><ele>1447</ele><time>2025-07-14T16:05:16.000Z</time></trkpt>
      <trkpt lat="49.192726872861385345458984375" lon="20.07066152058541774749755859375"><ele>1438.199951171875</ele><time>2025-07-14T16:05:58.000Z</time></trkpt>
      <trkpt lat="49.1928886435925960540771484375" lon="20.07052590139210224151611328125"><ele>1430.5999755859375</ele><time>2025-07-14T16:06:34.000Z</time></trkpt>
      <trkpt lat="49.19315057806670665740966796875" lon="20.07045197300612926483154296875"><ele>1421.800048828125</ele><time>2025-07-14T16:07:24.000Z</time></trkpt>
      <trkpt lat="49.1933553479611873626708984375" lon="20.07044141180813312530517578125"><ele>1416.4000244140625</ele><time>2025-07-14T16:08:01.000Z</time></trkpt>
      <trkpt lat="49.1936299391090869903564453125" lon="20.07020168937742710113525390625"><ele>1410.199951171875</ele><time>2025-07-14T16:08:48.000Z</time></trkpt>
      <trkpt lat="49.19357771985232830047607421875" lon="20.06987161003053188323974609375"><ele>1409</ele><time>2025-07-14T16:09:26.000Z</time></trkpt>
      <trkpt lat="49.19361476786434650421142578125" lon="20.06944161839783191680908203125"><ele>1407</ele><time>2025-07-14T16:09:57.000Z</time></trkpt>
      <trkpt lat="49.193561039865016937255859375" lon="20.06910298950970172882080078125"><ele>1406.5999755859375</ele><time>2025-07-14T16:10:32.000Z</time></trkpt>
      <trkpt lat="49.1936886124312877655029296875" lon="20.068495385348796844482421875"><ele>1409</ele><time>2025-07-14T16:11:23.000Z</time></trkpt>
      <trkpt lat="49.19391316361725330352783203125" lon="20.06814192049205303192138671875"><ele>1411.199951171875</ele><time>2025-07-14T16:11:59.000Z</time></trkpt>
      <trkpt lat="49.19403352774679660797119140625" lon="20.06765442900359630584716796875"><ele>1412.800048828125</ele><time>2025-07-14T16:12:36.000Z</time></trkpt>
      <trkpt lat="49.194043837487697601318359375" lon="20.0673442147672176361083984375"><ele>1414.800048828125</ele><time>2025-07-14T16:12:58.000Z</time></trkpt>
      <trkpt lat="49.1940902732312679290771484375" lon="20.066955126821994781494140625"><ele>1417.800048828125</ele><time>2025-07-14T16:13:29.000Z</time></trkpt>
      <trkpt lat="49.19425950385630130767822265625" lon="20.0664426572620868682861328125"><ele>1416.800048828125</ele><time>2025-07-14T16:14:12.000Z</time></trkpt>
      <trkpt lat="49.19444105587899684906005859375" lon="20.0659548304975032806396484375"><ele>1411.199951171875</ele><time>2025-07-14T16:14:52.000Z</time></trkpt>
      <trkpt lat="49.1946361027657985687255859375" lon="20.06574335508048534393310546875"><ele>1406.800048828125</ele><time>2025-07-14T16:15:24.000Z</time></trkpt>
      <trkpt lat="49.19482561759650707244873046875" lon="20.0653838552534580230712890625"><ele>1403.4000244140625</ele><time>2025-07-14T16:16:00.000Z</time></trkpt>
      <trkpt lat="49.19517866335809230804443359375" lon="20.065185539424419403076171875"><ele>1404.199951171875</ele><time>2025-07-14T16:16:47.000Z</time></trkpt>
      <trkpt lat="49.19548510573804378509521484375" lon="20.0653164647519588470458984375"><ele>1401.199951171875</ele><time>2025-07-14T16:17:28.000Z</time></trkpt>
      <trkpt lat="49.19579406268894672393798828125" lon="20.06539802066981792449951171875"><ele>1403.199951171875</ele><time>2025-07-14T16:18:03.000Z</time></trkpt>
      <trkpt lat="49.1958957351744174957275390625" lon="20.065470524132251739501953125"><ele>1401.800048828125</ele><time>2025-07-14T16:18:57.000Z</time></trkpt>
      <trkpt lat="49.19623008929193019866943359375" lon="20.06566657684743404388427734375"><ele>1402.199951171875</ele><time>2025-07-14T16:20:03.000Z</time></trkpt>
      <trkpt lat="49.19650032185018062591552734375" lon="20.0660262443125247955322265625"><ele>1403.199951171875</ele><time>2025-07-14T16:20:49.000Z</time></trkpt>
      <trkpt lat="49.19676125049591064453125" lon="20.06655589677393436431884765625"><ele>1403.4000244140625</ele><time>2025-07-14T16:21:39.000Z</time></trkpt>
      <trkpt lat="49.19712846167385578155517578125" lon="20.06680182181298732757568359375"><ele>1405.199951171875</ele><time>2025-07-14T16:22:20.000Z</time></trkpt>
      <trkpt lat="49.19758359901607036590576171875" lon="20.06712310016155242919921875"><ele>1403.5999755859375</ele><time>2025-07-14T16:23:17.000Z</time></trkpt>
      <trkpt lat="49.197976291179656982421875" lon="20.067282356321811676025390625"><ele>1400</ele><time>2025-07-14T16:24:04.000Z</time></trkpt>
      <trkpt lat="49.19829170219600200653076171875" lon="20.0675400160253047943115234375"><ele>1400.5999755859375</ele><time>2025-07-14T16:24:51.000Z</time></trkpt>
      <trkpt lat="49.19870794750750064849853515625" lon="20.06766364909708499908447265625"><ele>1399.5999755859375</ele><time>2025-07-14T16:25:35.000Z</time></trkpt>
      <trkpt lat="49.19906920753419399261474609375" lon="20.06781821139156818389892578125"><ele>1401</ele><time>2025-07-14T16:26:23.000Z</time></trkpt>
      <trkpt lat="49.19952325522899627685546875" lon="20.067994482815265655517578125"><ele>1401.4000244140625</ele><time>2025-07-14T16:27:11.000Z</time></trkpt>
      <trkpt lat="49.199771694839000701904296875" lon="20.0682440958917140960693359375"><ele>1400.5999755859375</ele><time>2025-07-14T16:27:51.000Z</time></trkpt>
      <trkpt lat="49.1999844275414943695068359375" lon="20.068325735628604888916015625"><ele>1404.199951171875</ele><time>2025-07-14T16:28:24.000Z</time></trkpt>
      <trkpt lat="49.20022607780992984771728515625" lon="20.06877425126731395721435546875"><ele>1403</ele><time>2025-07-14T16:29:03.000Z</time></trkpt>
      <trkpt lat="49.20047082938253879547119140625" lon="20.069307424128055572509765625"><ele>1401.5999755859375</ele><time>2025-07-14T16:29:47.000Z</time></trkpt>
      <trkpt lat="49.20076352544128894805908203125" lon="20.06977655924856662750244140625"><ele>1402.800048828125</ele><time>2025-07-14T16:30:27.000Z</time></trkpt>
      <trkpt lat="49.2010331712663173675537109375" lon="20.0699962489306926727294921875"><ele>1400.800048828125</ele><time>2025-07-14T16:31:06.000Z</time></trkpt>
      <trkpt lat="49.201169125735759735107421875" lon="20.07059790194034576416015625"><ele>1399.199951171875</ele><time>2025-07-14T16:31:47.000Z</time></trkpt>
      <trkpt lat="49.2012973688542842864990234375" lon="20.07080602459609508514404296875"><ele>1402.800048828125</ele><time>2025-07-14T16:32:27.000Z</time></trkpt>
      <trkpt lat="49.2013553716242313385009765625" lon="20.070790015161037445068359375"><ele>1409</ele><time>2025-07-14T16:32:56.000Z</time></trkpt>
      <trkpt lat="49.20141731388866901397705078125" lon="20.070890597999095916748046875"><ele>1410</ele><time>2025-07-14T16:33:53.000Z</time></trkpt>
      <trkpt lat="49.2014743946492671966552734375" lon="20.070918090641498565673828125"><ele>1410</ele><time>2025-07-14T16:35:09.000Z</time></trkpt>
      <trkpt lat="49.201406501233577728271484375" lon="20.0709960423409938812255859375"><ele>1411.4000244140625</ele><time>2025-07-14T16:37:18.000Z</time></trkpt>
      <trkpt lat="49.201423265039920806884765625" lon="20.0709947012364864349365234375"><ele>1413.5999755859375</ele><time>2025-07-14T16:40:49.000Z</time></trkpt>
      <trkpt lat="49.20138512738049030303955078125" lon="20.0710169970989227294921875"><ele>1415.4000244140625</ele><time>2025-07-14T16:42:37.000Z</time></trkpt>
      <trkpt lat="49.201302230358123779296875" lon="20.0711216032505035400390625"><ele>1416.800048828125</ele><time>2025-07-14T16:43:21.000Z</time></trkpt>
      <trkpt lat="49.20140960253775119781494140625" lon="20.07095589302480220794677734375"><ele>1416.199951171875</ele><time>2025-07-14T16:44:54.000Z</time></trkpt>
      <trkpt lat="49.2016262747347354888916015625" lon="20.0708666257560253143310546875"><ele>1415.800048828125</ele><time>2025-07-14T16:45:39.000Z</time></trkpt>
      <trkpt lat="49.20204587280750274658203125" lon="20.07050578482449054718017578125"><ele>1412.5999755859375</ele><time>2025-07-14T16:46:27.000Z</time></trkpt>
      <trkpt lat="49.2023286782205104827880859375" lon="20.07035809569060802459716796875"><ele>1410.800048828125</ele><time>2025-07-14T16:47:03.000Z</time></trkpt>
      <trkpt lat="49.20253696851432323455810546875" lon="20.07030797190964221954345703125"><ele>1410</ele><time>2025-07-14T16:47:23.000Z</time></trkpt>
      <trkpt lat="49.2030713148415088653564453125" lon="20.0701209716498851776123046875"><ele>1408.5999755859375</ele><time>2025-07-14T16:48:02.000Z</time></trkpt>
      <trkpt lat="49.20329712331295013427734375" lon="20.07037268020212650299072265625"><ele>1407</ele><time>2025-07-14T16:48:32.000Z</time></trkpt>
      <trkpt lat="49.2036049067974090576171875" lon="20.070781297981739044189453125"><ele>1406</ele><time>2025-07-14T16:49:04.000Z</time></trkpt>
      <trkpt lat="49.2038152925670146942138671875" lon="20.07108028046786785125732421875"><ele>1405.4000244140625</ele><time>2025-07-14T16:49:29.000Z</time></trkpt>
      <trkpt lat="49.20395183376967906951904296875" lon="20.07148797623813152313232421875"><ele>1404.800048828125</ele><time>2025-07-14T16:49:56.000Z</time></trkpt>
      <trkpt lat="49.2040587030351161956787109375" lon="20.0721976719796657562255859375"><ele>1404</ele><time>2025-07-14T16:50:36.000Z</time></trkpt>
      <trkpt lat="49.2042632214725017547607421875" lon="20.07244435139000415802001953125"><ele>1402.800048828125</ele><time>2025-07-14T16:51:01.000Z</time></trkpt>
      <trkpt lat="49.20452699996531009674072265625" lon="20.07271743379533290863037109375"><ele>1400.4000244140625</ele><time>2025-07-14T16:51:27.000Z</time></trkpt>
      <trkpt lat="49.20496369712054729461669921875" lon="20.07319620810449123382568359375"><ele>1397.5999755859375</ele><time>2025-07-14T16:52:12.000Z</time></trkpt>
      <trkpt lat="49.20560440979897975921630859375" lon="20.07377087138593196868896484375"><ele>1393.5999755859375</ele><time>2025-07-14T16:53:19.000Z</time></trkpt>
      <trkpt lat="49.2061964236199855804443359375" lon="20.07384211756289005279541015625"><ele>1390.800048828125</ele><time>2025-07-14T16:54:12.000Z</time></trkpt>
      <trkpt lat="49.20655424706637859344482421875" lon="20.0738713704049587249755859375"><ele>1389.4000244140625</ele><time>2025-07-14T16:54:44.000Z</time></trkpt>
      <trkpt lat="49.20699848793447017669677734375" lon="20.0739816762506961822509765625"><ele>1387.4000244140625</ele><time>2025-07-14T16:55:22.000Z</time></trkpt>
      <trkpt lat="49.2073417268693447113037109375" lon="20.07425651885569095611572265625"><ele>1385.4000244140625</ele><time>2025-07-14T16:55:55.000Z</time></trkpt>
      <trkpt lat="49.20758706517517566680908203125" lon="20.07442013360559940338134765625"><ele>1383.4000244140625</ele><time>2025-07-14T16:56:18.000Z</time></trkpt>
      <trkpt lat="49.20793139375746250152587890625" lon="20.074771754443645477294921875"><ele>1379.800048828125</ele><time>2025-07-14T16:56:53.000Z</time></trkpt>
      <trkpt lat="49.2082513310015201568603515625" lon="20.07518582046031951904296875"><ele>1376.800048828125</ele><time>2025-07-14T16:57:29.000Z</time></trkpt>
      <trkpt lat="49.2084407620131969451904296875" lon="20.07550366222858428955078125"><ele>1374.5999755859375</ele><time>2025-07-14T16:57:58.000Z</time></trkpt>
      <trkpt lat="49.20878718607127666473388671875" lon="20.07553123869001865386962890625"><ele>1371.4000244140625</ele><time>2025-07-14T16:58:32.000Z</time></trkpt>
      <trkpt lat="49.2091740109026432037353515625" lon="20.0753541290760040283203125"><ele>1367.4000244140625</ele><time>2025-07-14T16:59:12.000Z</time></trkpt>
      <trkpt lat="49.20961984433233737945556640625" lon="20.07559527643024921417236328125"><ele>1364.800048828125</ele><time>2025-07-14T16:59:47.000Z</time></trkpt>
      <trkpt lat="49.210005663335323333740234375" lon="20.07599827833473682403564453125"><ele>1360.800048828125</ele><time>2025-07-14T17:00:29.000Z</time></trkpt>
      <trkpt lat="49.21030531637370586395263671875" lon="20.07653371430933475494384765625"><ele>1356.800048828125</ele><time>2025-07-14T17:01:08.000Z</time></trkpt>
      <trkpt lat="49.2105506546795368194580078125" lon="20.0769921205937862396240234375"><ele>1353.5999755859375</ele><time>2025-07-14T17:01:42.000Z</time></trkpt>
      <trkpt lat="49.21095558442175388336181640625" lon="20.07720141671597957611083984375"><ele>1350</ele><time>2025-07-14T17:02:16.000Z</time></trkpt>
      <trkpt lat="49.21143972314894199371337890625" lon="20.07740140892565250396728515625"><ele>1346</ele><time>2025-07-14T17:02:57.000Z</time></trkpt>
      <trkpt lat="49.21179226599633693695068359375" lon="20.0778460688889026641845703125"><ele>1341.800048828125</ele><time>2025-07-14T17:03:35.000Z</time></trkpt>
      <trkpt lat="49.2119205929338932037353515625" lon="20.07827497087419033050537109375"><ele>1339.5999755859375</ele><time>2025-07-14T17:04:01.000Z</time></trkpt>
      <trkpt lat="49.2121697030961513519287109375" lon="20.0787489674985408782958984375"><ele>1336.4000244140625</ele><time>2025-07-14T17:04:33.000Z</time></trkpt>
      <trkpt lat="49.21252065338194370269775390625" lon="20.0792103074491024017333984375"><ele>1333.199951171875</ele><time>2025-07-14T17:05:18.000Z</time></trkpt>
      <trkpt lat="49.21307369135320186614990234375" lon="20.07939714007079601287841796875"><ele>1328.5999755859375</ele><time>2025-07-14T17:06:08.000Z</time></trkpt>
      <trkpt lat="49.213460348546504974365234375" lon="20.079719088971614837646484375"><ele>1325.4000244140625</ele><time>2025-07-14T17:06:45.000Z</time></trkpt>
      <trkpt lat="49.21391774900257587432861328125" lon="20.08010138757526874542236328125"><ele>1322.800048828125</ele><time>2025-07-14T17:07:30.000Z</time></trkpt>
      <trkpt lat="49.21416585333645343780517578125" lon="20.080433897674083709716796875"><ele>1321.199951171875</ele><time>2025-07-14T17:08:01.000Z</time></trkpt>
      <trkpt lat="49.2143168114125728607177734375" lon="20.08078090846538543701171875"><ele>1319.800048828125</ele><time>2025-07-14T17:08:23.000Z</time></trkpt>
      <trkpt lat="49.2146153748035430908203125" lon="20.0812739320099353790283203125"><ele>1318</ele><time>2025-07-14T17:09:07.000Z</time></trkpt>
      <trkpt lat="49.2149206437170505523681640625" lon="20.08156319148838520050048828125"><ele>1315.199951171875</ele><time>2025-07-14T17:09:39.000Z</time></trkpt>
      <trkpt lat="49.2152803950011730194091796875" lon="20.08176670409739017486572265625"><ele>1313</ele><time>2025-07-14T17:10:05.000Z</time></trkpt>
      <trkpt lat="49.21560720540583133697509765625" lon="20.0820383615791797637939453125"><ele>1310.5999755859375</ele><time>2025-07-14T17:10:39.000Z</time></trkpt>
      <trkpt lat="49.21600232832133769989013671875" lon="20.0825821794569492340087890625"><ele>1307</ele><time>2025-07-14T17:11:23.000Z</time></trkpt>
      <trkpt lat="49.21640834771096706390380859375" lon="20.08315240032970905303955078125"><ele>1303.199951171875</ele><time>2025-07-14T17:12:07.000Z</time></trkpt>
      <trkpt lat="49.21672183088958263397216796875" lon="20.083655901253223419189453125"><ele>1300.4000244140625</ele><time>2025-07-14T17:12:39.000Z</time></trkpt>
      <trkpt lat="49.21708174981176853179931640625" lon="20.0839625112712383270263671875"><ele>1297.199951171875</ele><time>2025-07-14T17:13:14.000Z</time></trkpt>
      <trkpt lat="49.217419289052486419677734375" lon="20.08449920453131198883056640625"><ele>1293.800048828125</ele><time>2025-07-14T17:13:53.000Z</time></trkpt>
      <trkpt lat="49.21771894209086894989013671875" lon="20.08498401381075382232666015625"><ele>1290.4000244140625</ele><time>2025-07-14T17:14:27.000Z</time></trkpt>
      <trkpt lat="49.217883981764316558837890625" lon="20.085139833390712738037109375"><ele>1288.5999755859375</ele><time>2025-07-14T17:15:25.000Z</time></trkpt>
      <trkpt lat="49.21821012161672115325927734375" lon="20.085569322109222412109375"><ele>1284.800048828125</ele><time>2025-07-14T17:16:10.000Z</time></trkpt>
      <trkpt lat="49.21839150600135326385498046875" lon="20.086041390895843505859375"><ele>1282</ele><time>2025-07-14T17:16:42.000Z</time></trkpt>
      <trkpt lat="49.21854690648615360260009765625" lon="20.08623174391686916351318359375"><ele>1281.199951171875</ele><time>2025-07-14T17:17:35.000Z</time></trkpt>
      <trkpt lat="49.21875477768480777740478515625" lon="20.08683406747877597808837890625"><ele>1278.5999755859375</ele><time>2025-07-14T17:18:08.000Z</time></trkpt>
      <trkpt lat="49.21877740882337093353271484375" lon="20.0873635523021221160888671875"><ele>1276.4000244140625</ele><time>2025-07-14T17:18:34.000Z</time></trkpt>
      <trkpt lat="49.21889257617294788360595703125" lon="20.08787711150944232940673828125"><ele>1274</ele><time>2025-07-14T17:19:00.000Z</time></trkpt>
      <trkpt lat="49.21906314790248870849609375" lon="20.08829511702060699462890625"><ele>1271</ele><time>2025-07-14T17:19:28.000Z</time></trkpt>
      <trkpt lat="49.21945634298026561737060546875" lon="20.088727958500385284423828125"><ele>1268</ele><time>2025-07-14T17:20:02.000Z</time></trkpt>
      <trkpt lat="49.219562709331512451171875" lon="20.0890811719000339508056640625"><ele>1265.5999755859375</ele><time>2025-07-14T17:20:28.000Z</time></trkpt>
      <trkpt lat="49.21955122612416744232177734375" lon="20.0894546695053577423095703125"><ele>1259.4000244140625</ele><time>2025-07-14T17:21:05.000Z</time></trkpt>
      <trkpt lat="49.219590537250041961669921875" lon="20.08980193175375461578369140625"><ele>1254.800048828125</ele><time>2025-07-14T17:21:42.000Z</time></trkpt>
      <trkpt lat="49.21967008151113986968994140625" lon="20.090099237859249114990234375"><ele>1251.199951171875</ele><time>2025-07-14T17:22:16.000Z</time></trkpt>
      <trkpt lat="49.21978910453617572784423828125" lon="20.09046175517141819000244140625"><ele>1248.800048828125</ele><time>2025-07-14T17:23:05.000Z</time></trkpt>
      <trkpt lat="49.21978793106973171234130859375" lon="20.09057893417775630950927734375"><ele>1249</ele><time>2025-07-14T17:24:02.000Z</time></trkpt>
      <trkpt lat="49.21977552585303783416748046875" lon="20.09055756032466888427734375"><ele>1249.5999755859375</ele><time>2025-07-14T17:24:40.000Z</time></trkpt>
      <trkpt lat="49.21972674317657947540283203125" lon="20.0906078517436981201171875"><ele>1250</ele><time>2025-07-14T17:26:30.000Z</time></trkpt>
      <trkpt lat="49.21977485530078411102294921875" lon="20.0906583108007907867431640625"><ele>1251.800048828125</ele><time>2025-07-14T17:27:35.000Z</time></trkpt>
      <trkpt lat="49.21987812034785747528076171875" lon="20.09099668823182582855224609375"><ele>1247.4000244140625</ele><time>2025-07-14T17:28:49.000Z</time></trkpt>
      <trkpt lat="49.21994148753583431243896484375" lon="20.0913801603019237518310546875"><ele>1242.800048828125</ele><time>2025-07-14T17:29:23.000Z</time></trkpt>
      <trkpt lat="49.22012354247272014617919921875" lon="20.09162415750324726104736328125"><ele>1239.4000244140625</ele><time>2025-07-14T17:29:53.000Z</time></trkpt>
      <trkpt lat="49.220222197473049163818359375" lon="20.092049203813076019287109375"><ele>1234</ele><time>2025-07-14T17:30:35.000Z</time></trkpt>
      <trkpt lat="49.22022211365401744842529296875" lon="20.09242429398000240325927734375"><ele>1227.800048828125</ele><time>2025-07-14T17:31:16.000Z</time></trkpt>
      <trkpt lat="49.2203982174396514892578125" lon="20.09264222346246242523193359375"><ele>1219.4000244140625</ele><time>2025-07-14T17:31:53.000Z</time></trkpt>
      <trkpt lat="49.22054733149707317352294921875" lon="20.0928905792534351348876953125"><ele>1212.800048828125</ele><time>2025-07-14T17:32:32.000Z</time></trkpt>
      <trkpt lat="49.22077766619622707366943359375" lon="20.09317883290350437164306640625"><ele>1207.199951171875</ele><time>2025-07-14T17:33:10.000Z</time></trkpt>
      <trkpt lat="49.22094094567000865936279296875" lon="20.09354696609079837799072265625"><ele>1200.199951171875</ele><time>2025-07-14T17:33:49.000Z</time></trkpt>
      <trkpt lat="49.2210632376372814178466796875" lon="20.09394577704370021820068359375"><ele>1194.199951171875</ele><time>2025-07-14T17:34:24.000Z</time></trkpt>
      <trkpt lat="49.22119659371674060821533203125" lon="20.09423042647540569305419921875"><ele>1188.4000244140625</ele><time>2025-07-14T17:34:57.000Z</time></trkpt>
      <trkpt lat="49.22131008468568325042724609375" lon="20.094475261867046356201171875"><ele>1184.5999755859375</ele><time>2025-07-14T17:35:34.000Z</time></trkpt>
      <trkpt lat="49.22151627950370311737060546875" lon="20.0948817841708660125732421875"><ele>1179.199951171875</ele><time>2025-07-14T17:36:14.000Z</time></trkpt>
      <trkpt lat="49.22172012738883495330810546875" lon="20.095310099422931671142578125"><ele>1174.800048828125</ele><time>2025-07-14T17:36:52.000Z</time></trkpt>
      <trkpt lat="49.22192347235977649688720703125" lon="20.09567496366798877716064453125"><ele>1171.5999755859375</ele><time>2025-07-14T17:37:29.000Z</time></trkpt>
      <trkpt lat="49.2220397293567657470703125" lon="20.095723159611225128173828125"><ele>1169.800048828125</ele><time>2025-07-14T17:38:39.000Z</time></trkpt>
      <trkpt lat="49.22249897383153438568115234375" lon="20.09566658176481723785400390625"><ele>1166.4000244140625</ele><time>2025-07-14T17:39:22.000Z</time></trkpt>
      <trkpt lat="49.2228336632251739501953125" lon="20.09578828699886798858642578125"><ele>1164</ele><time>2025-07-14T17:39:56.000Z</time></trkpt>
      <trkpt lat="49.2232546024024486541748046875" lon="20.0957266800105571746826171875"><ele>1161.199951171875</ele><time>2025-07-14T17:40:31.000Z</time></trkpt>
      <trkpt lat="49.22371317632496356964111328125" lon="20.09563037194311618804931640625"><ele>1157.199951171875</ele><time>2025-07-14T17:41:20.000Z</time></trkpt>
      <trkpt lat="49.2240129970014095306396484375" lon="20.0955771468579769134521484375"><ele>1155.199951171875</ele><time>2025-07-14T17:41:49.000Z</time></trkpt>
      <trkpt lat="49.22463065944612026214599609375" lon="20.09546575136482715606689453125"><ele>1151.800048828125</ele><time>2025-07-14T17:42:40.000Z</time></trkpt>
      <trkpt lat="49.22492620535194873809814453125" lon="20.0955124385654926300048828125"><ele>1149.4000244140625</ele><time>2025-07-14T17:43:11.000Z</time></trkpt>
      <trkpt lat="49.2252226732671260833740234375" lon="20.09560187347233295440673828125"><ele>1148.4000244140625</ele><time>2025-07-14T17:43:37.000Z</time></trkpt>
      <trkpt lat="49.2257604561746120452880859375" lon="20.09591083042323589324951171875"><ele>1145.5999755859375</ele><time>2025-07-14T17:44:28.000Z</time></trkpt>
      <trkpt lat="49.22618567012250423431396484375" lon="20.09599850513041019439697265625"><ele>1143.4000244140625</ele><time>2025-07-14T17:45:03.000Z</time></trkpt>
      <trkpt lat="49.2267005704343318939208984375" lon="20.09600906632840633392333984375"><ele>1140.199951171875</ele><time>2025-07-14T17:45:39.000Z</time></trkpt>
      <trkpt lat="49.22702520154416561126708984375" lon="20.0960790552198886871337890625"><ele>1138.199951171875</ele><time>2025-07-14T17:46:05.000Z</time></trkpt>
      <trkpt lat="49.22759265638887882232666015625" lon="20.09607746265828609466552734375"><ele>1135</ele><time>2025-07-14T17:46:43.000Z</time></trkpt>
      <trkpt lat="49.22789541073143482208251953125" lon="20.0959952361881732940673828125"><ele>1132.800048828125</ele><time>2025-07-14T17:47:13.000Z</time></trkpt>
      <trkpt lat="49.22823923639953136444091796875" lon="20.0958408415317535400390625"><ele>1130.800048828125</ele><time>2025-07-14T17:47:46.000Z</time></trkpt>
      <trkpt lat="49.22862111590802669525146484375" lon="20.0959452800452709197998046875"><ele>1130.4000244140625</ele><time>2025-07-14T17:48:24.000Z</time></trkpt>
      <trkpt lat="49.2291685380041599273681640625" lon="20.0955618917942047119140625"><ele>1131.199951171875</ele><time>2025-07-14T17:49:01.000Z</time></trkpt>
      <trkpt lat="49.230012595653533935546875" lon="20.09520373307168483734130859375"><ele>1129.5999755859375</ele><time>2025-07-14T17:50:03.000Z</time></trkpt>
      <trkpt lat="49.230382740497589111328125" lon="20.09488999843597412109375"><ele>1128</ele><time>2025-07-14T17:50:38.000Z</time></trkpt>
      <trkpt lat="49.2307014204561710357666015625" lon="20.0946273095905780792236328125"><ele>1127.199951171875</ele><time>2025-07-14T17:51:07.000Z</time></trkpt>
      <trkpt lat="49.23125538043677806854248046875" lon="20.0940799713134765625"><ele>1125.800048828125</ele><time>2025-07-14T17:51:54.000Z</time></trkpt>
      <trkpt lat="49.2318229191005229949951171875" lon="20.0936144404113292694091796875"><ele>1123.5999755859375</ele><time>2025-07-14T17:52:40.000Z</time></trkpt>
      <trkpt lat="49.23258818686008453369140625" lon="20.093175061047077178955078125"><ele>1122</ele><time>2025-07-14T17:53:32.000Z</time></trkpt>
      <trkpt lat="49.232882224023342132568359375" lon="20.09280860424041748046875"><ele>1121</ele><time>2025-07-14T17:54:04.000Z</time></trkpt>
      <trkpt lat="49.23328363336622714996337890625" lon="20.0921663828194141387939453125"><ele>1119.4000244140625</ele><time>2025-07-14T17:54:42.000Z</time></trkpt>
      <trkpt lat="49.23361639492213726043701171875" lon="20.09141511283814907073974609375"><ele>1117.199951171875</ele><time>2025-07-14T17:55:29.000Z</time></trkpt>
      <trkpt lat="49.23366643488407135009765625" lon="20.09069259278476238250732421875"><ele>1115.199951171875</ele><time>2025-07-14T17:56:04.000Z</time></trkpt>
      <trkpt lat="49.233705662190914154052734375" lon="20.09010334499180316925048828125"><ele>1114.800048828125</ele><time>2025-07-14T17:56:35.000Z</time></trkpt>
      <trkpt lat="49.23364556394517421722412109375" lon="20.0891411863267421722412109375"><ele>1114.4000244140625</ele><time>2025-07-14T17:57:18.000Z</time></trkpt>
      <trkpt lat="49.2338667623698711395263671875" lon="20.08839645422995090484619140625"><ele>1114</ele><time>2025-07-14T17:58:00.000Z</time></trkpt>
      <trkpt lat="49.23406801186501979827880859375" lon="20.087582655251026153564453125"><ele>1114</ele><time>2025-07-14T17:58:48.000Z</time></trkpt>
      <trkpt lat="49.2342784814536571502685546875" lon="20.08727721869945526123046875"><ele>1113.800048828125</ele><time>2025-07-14T17:59:15.000Z</time></trkpt>
      <trkpt lat="49.23449750058352947235107421875" lon="20.0874594412744045257568359375"><ele>1113.4000244140625</ele><time>2025-07-14T18:00:04.000Z</time></trkpt>
      <trkpt lat="49.23476840369403362274169921875" lon="20.0881920196115970611572265625"><ele>1113</ele><time>2025-07-14T18:00:45.000Z</time></trkpt>
      <trkpt lat="49.235060848295688629150390625" lon="20.0891331396996974945068359375"><ele>1111</ele><time>2025-07-14T18:01:39.000Z</time></trkpt>
      <trkpt lat="49.23549025319516658782958984375" lon="20.0896638818085193634033203125"><ele>1110</ele><time>2025-07-14T18:02:18.000Z</time></trkpt>
      <trkpt lat="49.23614873550832271575927734375" lon="20.090027488768100738525390625"><ele>1105.800048828125</ele><time>2025-07-14T18:03:10.000Z</time></trkpt>
      <trkpt lat="49.23653162084519863128662109375" lon="20.0905121304094791412353515625"><ele>1102</ele><time>2025-07-14T18:03:51.000Z</time></trkpt>
      <trkpt lat="49.23712237738072872161865234375" lon="20.09119936265051364898681640625"><ele>1096.5999755859375</ele><time>2025-07-14T18:04:43.000Z</time></trkpt>
      <trkpt lat="49.23734248615801334381103515625" lon="20.0913583673536777496337890625"><ele>1094.800048828125</ele><time>2025-07-14T18:06:21.000Z</time></trkpt>
      <trkpt lat="49.23732689581811428070068359375" lon="20.091404803097248077392578125"><ele>1092</ele><time>2025-07-14T18:09:05.000Z</time></trkpt>
      <trkpt lat="49.23776627518236637115478515625" lon="20.09179933927953243255615234375"><ele>1088.4000244140625</ele><time>2025-07-14T18:10:28.000Z</time></trkpt>
      <trkpt lat="49.23823063261806964874267578125" lon="20.09214668534696102142333984375"><ele>1084.4000244140625</ele><time>2025-07-14T18:11:10.000Z</time></trkpt>
      <trkpt lat="49.23871041275560855865478515625" lon="20.0924168340861797332763671875"><ele>1080.800048828125</ele><time>2025-07-14T18:11:49.000Z</time></trkpt>
      <trkpt lat="49.2393837310373783111572265625" lon="20.0924919359385967254638671875"><ele>1076.199951171875</ele><time>2025-07-14T18:12:41.000Z</time></trkpt>
      <trkpt lat="49.24005269072949886322021484375" lon="20.0926813669502735137939453125"><ele>1071.4000244140625</ele><time>2025-07-14T18:13:33.000Z</time></trkpt>
      <trkpt lat="49.2405920661985874176025390625" lon="20.09289032779633998870849609375"><ele>1068</ele><time>2025-07-14T18:14:14.000Z</time></trkpt>
      <trkpt lat="49.24092851579189300537109375" lon="20.0929036550223827362060546875"><ele>1065.800048828125</ele><time>2025-07-14T18:14:40.000Z</time></trkpt>
      <trkpt lat="49.24161122180521488189697265625" lon="20.093113370239734649658203125"><ele>1064.5999755859375</ele><time>2025-07-14T18:15:32.000Z</time></trkpt>
      <trkpt lat="49.24212084151804447174072265625" lon="20.09333088062703609466552734375"><ele>1062.199951171875</ele><time>2025-07-14T18:16:16.000Z</time></trkpt>
      <trkpt lat="49.24293036572635173797607421875" lon="20.0935926474630832672119140625"><ele>1058.4000244140625</ele><time>2025-07-14T18:17:14.000Z</time></trkpt>
      <trkpt lat="49.24360158853232860565185546875" lon="20.0936885364353656768798828125"><ele>1055</ele><time>2025-07-14T18:18:01.000Z</time></trkpt>
      <trkpt lat="49.24430382438004016876220703125" lon="20.09382373653352260589599609375"><ele>1052</ele><time>2025-07-14T18:18:47.000Z</time></trkpt>
      <trkpt lat="49.24491067416965961456298828125" lon="20.0940244831144809722900390625"><ele>1049</ele><time>2025-07-14T18:19:32.000Z</time></trkpt>
      <trkpt lat="49.24560436047613620758056640625" lon="20.09427719749510288238525390625"><ele>1045.4000244140625</ele><time>2025-07-14T18:20:18.000Z</time></trkpt>
      <trkpt lat="49.246264435350894927978515625" lon="20.09477198123931884765625"><ele>1040.5999755859375</ele><time>2025-07-14T18:21:11.000Z</time></trkpt>
      <trkpt lat="49.24670792184770107269287109375" lon="20.09494791738688945770263671875"><ele>1038.4000244140625</ele><time>2025-07-14T18:21:48.000Z</time></trkpt>
      <trkpt lat="49.247338660061359405517578125" lon="20.0949704647064208984375"><ele>1034</ele><time>2025-07-14T18:22:33.000Z</time></trkpt>
      <trkpt lat="49.24800309352576732635498046875" lon="20.0951684452593326568603515625"><ele>1031</ele><time>2025-07-14T18:23:22.000Z</time></trkpt>
      <trkpt lat="49.24859133549034595489501953125" lon="20.095267184078693389892578125"><ele>1028.199951171875</ele><time>2025-07-14T18:24:06.000Z</time></trkpt>
      <trkpt lat="49.24924009479582309722900390625" lon="20.09543339721858501434326171875"><ele>1025.800048828125</ele><time>2025-07-14T18:24:53.000Z</time></trkpt>
      <trkpt lat="49.24966849386692047119140625" lon="20.095668174326419830322265625"><ele>1023.79998779296875</ele><time>2025-07-14T18:25:25.000Z</time></trkpt>
      <trkpt lat="49.25023854710161685943603515625" lon="20.09601225145161151885986328125"><ele>1020.4000244140625</ele><time>2025-07-14T18:26:07.000Z</time></trkpt>
      <trkpt lat="49.250760488212108612060546875" lon="20.0965688936412334442138671875"><ele>1015.5999755859375</ele><time>2025-07-14T18:26:56.000Z</time></trkpt>
      <trkpt lat="49.2506557144224643707275390625" lon="20.09745075367391109466552734375"><ele>1010.5999755859375</ele><time>2025-07-14T18:27:44.000Z</time></trkpt>
      <trkpt lat="49.250553287565708160400390625" lon="20.09819691069424152374267578125"><ele>1007.4000244140625</ele><time>2025-07-14T18:28:20.000Z</time></trkpt>
      <trkpt lat="49.25062210299074649810791015625" lon="20.09923609904944896697998046875"><ele>1004.20001220703125</ele><time>2025-07-14T18:29:10.000Z</time></trkpt>
      <trkpt lat="49.2513604648411273956298828125" lon="20.1001404225826263427734375"><ele>1003.4000244140625</ele><time>2025-07-14T18:30:26.000Z</time></trkpt>
      <trkpt lat="49.25205792300403118133544921875" lon="20.10072447359561920166015625"><ele>1001.5999755859375</ele><time>2025-07-14T18:31:25.000Z</time></trkpt>
      <trkpt lat="49.25285168923437595367431640625" lon="20.101485550403594970703125"><ele>998</ele><time>2025-07-14T18:32:29.000Z</time></trkpt>
      <trkpt lat="49.253559373319149017333984375" lon="20.10210153646767139434814453125"><ele>996.20001220703125</ele><time>2025-07-14T18:33:32.000Z</time></trkpt>
      <trkpt lat="49.25436235964298248291015625" lon="20.102889351546764373779296875"><ele>994.5999755859375</ele><time>2025-07-14T18:34:42.000Z</time></trkpt>
      <trkpt lat="49.25514263100922107696533203125" lon="20.10349511168897151947021484375"><ele>993</ele><time>2025-07-14T18:35:48.000Z</time></trkpt>
      <trkpt lat="49.25575249828398227691650390625" lon="20.104034654796123504638671875"><ele>992.20001220703125</ele><time>2025-07-14T18:36:41.000Z</time></trkpt>
      <trkpt lat="49.25634157843887805938720703125" lon="20.104484260082244873046875"><ele>990.79998779296875</ele><time>2025-07-14T18:37:27.000Z</time></trkpt>
      <trkpt lat="49.25694759003818035125732421875" lon="20.105079375207424163818359375"><ele>989.79998779296875</ele><time>2025-07-14T18:38:28.000Z</time></trkpt>
      <trkpt lat="49.25741580314934253692626953125" lon="20.10549302212893962860107421875"><ele>989.20001220703125</ele><time>2025-07-14T18:39:06.000Z</time></trkpt>
      <trkpt lat="49.25790178589522838592529296875" lon="20.10595419444143772125244140625"><ele>988.79998779296875</ele><time>2025-07-14T18:39:44.000Z</time></trkpt>
      <trkpt lat="49.258549623191356658935546875" lon="20.106478147208690643310546875"><ele>987.4000244140625</ele><time>2025-07-14T18:40:37.000Z</time></trkpt>
      <trkpt lat="49.258926808834075927734375" lon="20.10694493539631366729736328125"><ele>986.20001220703125</ele><time>2025-07-14T18:41:11.000Z</time></trkpt>
      <trkpt lat="49.2595127038657665252685546875" lon="20.1074955426156520843505859375"><ele>985.4000244140625</ele><time>2025-07-14T18:42:04.000Z</time></trkpt>
      <trkpt lat="49.26022642292082309722900390625" lon="20.10820909403264522552490234375"><ele>985.20001220703125</ele><time>2025-07-14T18:43:04.000Z</time></trkpt>
      <trkpt lat="49.26083914004266262054443359375" lon="20.10890797711908817291259765625"><ele>984.4000244140625</ele><time>2025-07-14T18:44:00.000Z</time></trkpt>
      <trkpt lat="49.26146409474313259124755859375" lon="20.10957819409668445587158203125"><ele>984.20001220703125</ele><time>2025-07-14T18:44:55.000Z</time></trkpt>
      <trkpt lat="49.26182636059820652008056640625" lon="20.1099249534308910369873046875"><ele>984</ele><time>2025-07-14T18:45:26.000Z</time></trkpt>
      <trkpt lat="49.2625006847083568572998046875" lon="20.11084570549428462982177734375"><ele>982.79998779296875</ele><time>2025-07-14T18:46:29.000Z</time></trkpt>
      <trkpt lat="49.26290611736476421356201171875" lon="20.11158884502947330474853515625"><ele>983</ele><time>2025-07-14T18:47:18.000Z</time></trkpt>
      <trkpt lat="49.263649843633174896240234375" lon="20.11254639364778995513916015625"><ele>982.79998779296875</ele><time>2025-07-14T18:48:31.000Z</time></trkpt>
      <trkpt lat="49.2637291364371776580810546875" lon="20.11373528279364109039306640625"><ele>981</ele><time>2025-07-14T18:49:32.000Z</time></trkpt>
      <trkpt lat="49.2636131308972835540771484375" lon="20.11482526548206806182861328125"><ele>979.4000244140625</ele><time>2025-07-14T18:50:30.000Z</time></trkpt>
      <trkpt lat="49.2629305087029933929443359375" lon="20.114875137805938720703125"><ele>978.5999755859375</ele><time>2025-07-14T18:51:20.000Z</time></trkpt>
      <trkpt lat="49.2629248090088367462158203125" lon="20.115213096141815185546875"><ele>978.4000244140625</ele><time>2025-07-14T18:51:35.000Z</time></trkpt>
    </trkseg>
  </trk>
</gpx>
